Region,Store,Category,Product,Month,Units Sold,Unit Price,Unit Cost,Revenue,Cost,Profit
Midwest,Chicago,Apparel,Denim Jacket,2025-08-01,18,69.99,34.01,1259.82,612.18,647.64
Midwest,Chicago,Apparel,Men's T-Shirt,2025-08-01,16,19.99,9.18,319.84,146.88,172.96
Midwest,Chicago,Apparel,Running Shoes,2025-08-01,12,79.99,39.06,959.88,468.72,491.16
Midwest,Chicago,Apparel,Women's Leggings,2025-08-01,13,34.99,14.48,454.87,188.24,266.63
Midwest,Chicago,Apparel,Wool Sweater,2025-08-01,11,54.99,24.21,604.89,266.31,338.58
Midwest,Chicago,Beauty & Personal Care,Electric Toothbrush,2025-08-01,17,44.99,20.36,764.83,346.12,418.71
Midwest,Chicago,Beauty & Personal Care,Facial Cleanser,2025-08-01,20,14.99,5.65,299.8,113.0,186.8
Midwest,Chicago,Beauty & Personal Care,Hair Dryer,2025-08-01,11,39.99,16.59,439.89,182.49,257.4
Midwest,Chicago,Beauty & Personal Care,Moisturizer,2025-08-01,14,18.99,7.77,265.86,108.78,157.08
Midwest,Chicago,Beauty & Personal Care,Perfume Set,2025-08-01,15,42.99,15.85,644.85,237.75,407.1
Midwest,Chicago,Electronics,Bluetooth Speaker,2025-08-01,13,44.99,27.73,584.87,360.49,224.38
Midwest,Chicago,Electronics,Portable Charger,2025-08-01,13,34.99,23.02,454.87,299.26,155.61
Midwest,Chicago,Electronics,Smartwatch,2025-08-01,19,119.99,82.75,2279.81,1572.25,707.56
Midwest,Chicago,Electronics,Tablet Stand,2025-08-01,19,24.99,14.81,474.81,281.39,193.42
Midwest,Chicago,Electronics,Wireless Earbuds,2025-08-01,17,59.99,38.69,1019.83,657.73,362.1
Midwest,Chicago,Home & Kitchen,Coffee Maker,2025-08-01,16,49.99,37.0,799.84,592.0,207.84
Midwest,Chicago,Home & Kitchen,LED Desk Lamp,2025-08-01,13,27.99,19.52,363.87,253.76,110.11
Midwest,Chicago,Home & Kitchen,Non-Stick Pan Set,2025-08-01,11,64.99,46.08,714.89,506.88,208.01
Midwest,Chicago,Home & Kitchen,Storage Bins (Set of 3),2025-08-01,24,22.99,16.7,551.76,400.8,150.96
Midwest,Chicago,Home & Kitchen,Throw Blanket,2025-08-01,12,29.99,20.45,359.88,245.4,114.48
Midwest,Chicago,Sports & Outdoors,Camping Tent,2025-08-01,18,129.99,74.77,2339.82,1345.86,993.96
Midwest,Chicago,Sports & Outdoors,Hiking Backpack,2025-08-01,9,74.99,42.36,674.91,381.24,293.67
Midwest,Chicago,Sports & Outdoors,Resistance Bands,2025-08-01,6,19.99,9.35,119.94,56.1,63.84
Midwest,Chicago,Sports & Outdoors,Water Bottle,2025-08-01,14,16.99,8.34,237.86,116.76,121.1
Midwest,Chicago,Sports & Outdoors,Yoga Mat,2025-08-01,22,24.99,12.98,549.78,285.56,264.22
Northeast,Boston,Apparel,Denim Jacket,2025-08-01,17,69.99,34.15,1189.83,580.55,609.28
Northeast,Boston,Apparel,Men's T-Shirt,2025-08-01,13,19.99,8.86,259.87,115.18,144.69
Northeast,Boston,Apparel,Running Shoes,2025-08-01,22,79.99,40.36,1759.78,887.92,871.86
Northeast,Boston,Apparel,Women's Leggings,2025-08-01,16,34.99,14.37,559.84,229.92,329.92
Northeast,Boston,Apparel,Wool Sweater,2025-08-01,21,54.99,23.48,1154.79,493.08,661.71
Northeast,Boston,Beauty & Personal Care,Electric Toothbrush,2025-08-01,19,44.99,20.74,854.81,394.06,460.75
Northeast,Boston,Beauty & Personal Care,Facial Cleanser,2025-08-01,21,14.99,5.64,314.79,118.44,196.35
Northeast,Boston,Beauty & Personal Care,Hair Dryer,2025-08-01,22,39.99,16.71,879.78,367.62,512.16
Northeast,Boston,Beauty & Personal Care,Moisturizer,2025-08-01,12,18.99,7.58,227.88,90.96,136.92
Northeast,Boston,Beauty & Personal Care,Perfume Set,2025-08-01,21,42.99,16.02,902.79,336.42,566.37
Northeast,Boston,Electronics,Bluetooth Speaker,2025-08-01,19,44.99,27.97,854.81,531.43,323.38
Northeast,Boston,Electronics,Portable Charger,2025-08-01,13,34.99,21.73,454.87,282.49,172.38
Northeast,Boston,Electronics,Smartwatch,2025-08-01,18,119.99,80.79,2159.82,1454.22,705.6
Northeast,Boston,Electronics,Tablet Stand,2025-08-01,18,24.99,15.42,449.82,277.56,172.26
Northeast,Boston,Electronics,Wireless Earbuds,2025-08-01,25,59.99,38.55,1499.75,963.75,536.0
Northeast,Boston,Home & Kitchen,Coffee Maker,2025-08-01,21,49.99,36.83,1049.79,773.43,276.36
Northeast,Boston,Home & Kitchen,LED Desk Lamp,2025-08-01,14,27.99,19.43,391.86,272.02,119.84
Northeast,Boston,Home & Kitchen,Non-Stick Pan Set,2025-08-01,14,64.99,45.06,909.86,630.84,279.02
Northeast,Boston,Home & Kitchen,Storage Bins (Set of 3),2025-08-01,8,22.99,16.5,183.92,132.0,51.92
Northeast,Boston,Home & Kitchen,Throw Blanket,2025-08-01,19,29.99,20.78,569.81,394.82,174.99
Northeast,Boston,Sports & Outdoors,Camping Tent,2025-08-01,13,129.99,75.09,1689.87,976.17,713.7
Northeast,Boston,Sports & Outdoors,Hiking Backpack,2025-08-01,18,74.99,40.52,1349.82,729.36,620.46
Northeast,Boston,Sports & Outdoors,Resistance Bands,2025-08-01,23,19.99,9.55,459.77,219.65,240.12
Northeast,Boston,Sports & Outdoors,Water Bottle,2025-08-01,21,16.99,8.66,356.79,181.86,174.93
Northeast,Boston,Sports & Outdoors,Yoga Mat,2025-08-01,26,24.99,13.36,649.74,347.36,302.38
Northeast,New York,Apparel,Denim Jacket,2025-08-01,9,69.99,33.53,629.91,301.77,328.14
Northeast,New York,Apparel,Men's T-Shirt,2025-08-01,18,19.99,9.02,359.82,162.36,197.46
Northeast,New York,Apparel,Running Shoes,2025-08-01,12,79.99,39.69,959.88,476.28,483.6
Northeast,New York,Apparel,Women's Leggings,2025-08-01,15,34.99,14.72,524.85,220.8,304.05
Northeast,New York,Apparel,Wool Sweater,2025-08-01,15,54.99,24.69,824.85,370.35,454.5
Northeast,New York,Beauty & Personal Care,Electric Toothbrush,2025-08-01,12,44.99,20.36,539.88,244.32,295.56
Northeast,New York,Beauty & Personal Care,Facial Cleanser,2025-08-01,11,14.99,5.7,164.89,62.7,102.19
Northeast,New York,Beauty & Personal Care,Hair Dryer,2025-08-01,5,39.99,16.99,199.95,84.95,115.0
Northeast,New York,Beauty & Personal Care,Moisturizer,2025-08-01,14,18.99,7.41,265.86,103.74,162.12
Northeast,New York,Beauty & Personal Care,Perfume Set,2025-08-01,11,42.99,15.55,472.89,171.05,301.84
Northeast,New York,Electronics,Bluetooth Speaker,2025-08-01,10,44.99,27.18,449.9,271.8,178.1
Northeast,New York,Electronics,Portable Charger,2025-08-01,19,34.99,22.97,664.81,436.43,228.38
Northeast,New York,Electronics,Smartwatch,2025-08-01,16,119.99,82.47,1919.84,1319.52,600.32
Northeast,New York,Electronics,Tablet Stand,2025-08-01,9,24.99,14.6,224.91,131.4,93.51
Northeast,New York,Electronics,Wireless Earbuds,2025-08-01,12,59.99,38.85,719.88,466.2,253.68
Northeast,New York,Home & Kitchen,Coffee Maker,2025-08-01,10,49.99,36.15,499.9,361.5,138.4
Northeast,New York,Home & Kitchen,LED Desk Lamp,2025-08-01,9,27.99,20.36,251.91,183.24,68.67
Northeast,New York,Home & Kitchen,Non-Stick Pan Set,2025-08-01,14,64.99,45.09,909.86,631.26,278.6
Northeast,New York,Home & Kitchen,Storage Bins (Set of 3),2025-08-01,11,22.99,16.7,252.89,183.7,69.19
Northeast,New York,Home & Kitchen,Throw Blanket,2025-08-01,15,29.99,20.34,449.85,305.1,144.75
Northeast,New York,Sports & Outdoors,Camping Tent,2025-08-01,11,129.99,74.69,1429.89,821.59,608.3
Northeast,New York,Sports & Outdoors,Hiking Backpack,2025-08-01,14,74.99,41.15,1049.86,576.1,473.76
Northeast,New York,Sports & Outdoors,Resistance Bands,2025-08-01,16,19.99,9.75,319.84,156.0,163.84
Northeast,New York,Sports & Outdoors,Water Bottle,2025-08-01,11,16.99,8.32,186.89,91.52,95.37
Northeast,New York,Sports & Outdoors,Yoga Mat,2025-08-01,12,24.99,13.18,299.88,158.16,141.72
Southeast,Atlanta,Apparel,Denim Jacket,2025-08-01,13,69.99,32.81,909.87,426.53,483.34
Southeast,Atlanta,Apparel,Men's T-Shirt,2025-08-01,14,19.99,8.76,279.86,122.64,157.22
Southeast,Atlanta,Apparel,Running Shoes,2025-08-01,12,79.99,39.64,959.88,475.68,484.2
Southeast,Atlanta,Apparel,Women's Leggings,2025-08-01,20,34.99,14.45,699.8,289.0,410.8
Southeast,Atlanta,Apparel,Wool Sweater,2025-08-01,12,54.99,24.76,659.88,297.12,362.76
Southeast,Atlanta,Beauty & Personal Care,Electric Toothbrush,2025-08-01,12,44.99,20.6,539.88,247.2,292.68
Southeast,Atlanta,Beauty & Personal Care,Facial Cleanser,2025-08-01,14,14.99,5.8,209.86,81.2,128.66
Southeast,Atlanta,Beauty & Personal Care,Hair Dryer,2025-08-01,21,39.99,16.82,839.79,353.22,486.57
Southeast,Atlanta,Beauty & Personal Care,Moisturizer,2025-08-01,5,18.99,7.4,94.95,37.0,57.95
Southeast,Atlanta,Beauty & Personal Care,Perfume Set,2025-08-01,8,42.99,15.61,343.92,124.88,219.04
Southeast,Atlanta,Electronics,Bluetooth Speaker,2025-08-01,16,44.99,28.62,719.84,457.92,261.92
Southeast,Atlanta,Electronics,Portable Charger,2025-08-01,12,34.99,22.39,419.88,268.68,151.2
Southeast,Atlanta,Electronics,Smartwatch,2025-08-01,13,119.99,83.98,1559.87,1091.74,468.13
Southeast,Atlanta,Electronics,Tablet Stand,2025-08-01,16,24.99,14.85,399.84,237.6,162.24
Southeast,Atlanta,Electronics,Wireless Earbuds,2025-08-01,8,59.99,38.43,479.92,307.44,172.48
Southeast,Atlanta,Home & Kitchen,Coffee Maker,2025-08-01,23,49.99,35.16,1149.77,808.68,341.09
Southeast,Atlanta,Home & Kitchen,LED Desk Lamp,2025-08-01,14,27.99,19.83,391.86,277.62,114.24
Southeast,Atlanta,Home & Kitchen,Non-Stick Pan Set,2025-08-01,7,64.99,45.4,454.93,317.8,137.13
Southeast,Atlanta,Home & Kitchen,Storage Bins (Set of 3),2025-08-01,6,22.99,17.05,137.94,102.3,35.64
Southeast,Atlanta,Home & Kitchen,Throw Blanket,2025-08-01,12,29.99,19.95,359.88,239.4,120.48
Southeast,Atlanta,Sports & Outdoors,Camping Tent,2025-08-01,13,129.99,75.86,1689.87,986.18,703.69
Southeast,Atlanta,Sports & Outdoors,Hiking Backpack,2025-08-01,13,74.99,41.75,974.87,542.75,432.12
Southeast,Atlanta,Sports & Outdoors,Resistance Bands,2025-08-01,15,19.99,9.51,299.85,142.65,157.2
Southeast,Atlanta,Sports & Outdoors,Water Bottle,2025-08-01,10,16.99,8.74,169.9,87.4,82.5
Southeast,Atlanta,Sports & Outdoors,Yoga Mat,2025-08-01,15,24.99,13.33,374.85,199.95,174.9
Southeast,Miami,Apparel,Denim Jacket,2025-08-01,25,69.99,34.19,1749.75,854.75,895.0
Southeast,Miami,Apparel,Men's T-Shirt,2025-08-01,24,19.99,8.98,479.76,215.52,264.24
Southeast,Miami,Apparel,Running Shoes,2025-08-01,25,79.99,40.93,1999.75,1023.25,976.5
Southeast,Miami,Apparel,Women's Leggings,2025-08-01,21,34.99,15.09,734.79,316.89,417.9
Southeast,Miami,Apparel,Wool Sweater,2025-08-01,33,54.99,23.68,1814.67,781.44,1033.23
Southeast,Miami,Beauty & Personal Care,Electric Toothbrush,2025-08-01,21,44.99,19.7,944.79,413.7,531.09
Southeast,Miami,Beauty & Personal Care,Facial Cleanser,2025-08-01,22,14.99,5.75,329.78,126.5,203.28
Southeast,Miami,Beauty & Personal Care,Hair Dryer,2025-08-01,12,39.99,17.05,479.88,204.6,275.28
Southeast,Miami,Beauty & Personal Care,Moisturizer,2025-08-01,19,18.99,7.61,360.81,144.59,216.22
Southeast,Miami,Beauty & Personal Care,Perfume Set,2025-08-01,24,42.99,15.61,1031.76,374.64,657.12
Southeast,Miami,Electronics,Bluetooth Speaker,2025-08-01,22,44.99,28.19,989.78,620.18,369.6
Southeast,Miami,Electronics,Portable Charger,2025-08-01,22,34.99,22.09,769.78,485.98,283.8
Southeast,Miami,Electronics,Smartwatch,2025-08-01,19,119.99,83.92,2279.81,1594.48,685.33
Southeast,Miami,Electronics,Tablet Stand,2025-08-01,24,24.99,15.04,599.76,360.96,238.8
Southeast,Miami,Electronics,Wireless Earbuds,2025-08-01,22,59.99,39.45,1319.78,867.9,451.88
Southeast,Miami,Home & Kitchen,Coffee Maker,2025-08-01,22,49.99,35.32,1099.78,777.04,322.74
Southeast,Miami,Home & Kitchen,LED Desk Lamp,2025-08-01,16,27.99,19.4,447.84,310.4,137.44
Southeast,Miami,Home & Kitchen,Non-Stick Pan Set,2025-08-01,24,64.99,44.28,1559.76,1062.72,497.04
Southeast,Miami,Home & Kitchen,Storage Bins (Set of 3),2025-08-01,25,22.99,16.95,574.75,423.75,151.0
Southeast,Miami,Home & Kitchen,Throw Blanket,2025-08-01,13,29.99,20.41,389.87,265.33,124.54
Southeast,Miami,Sports & Outdoors,Camping Tent,2025-08-01,15,129.99,74.34,1949.85,1115.1,834.75
Southeast,Miami,Sports & Outdoors,Hiking Backpack,2025-08-01,24,74.99,41.43,1799.76,994.32,805.44
Southeast,Miami,Sports & Outdoors,Resistance Bands,2025-08-01,25,19.99,9.31,499.75,232.75,267.0
Southeast,Miami,Sports & Outdoors,Water Bottle,2025-08-01,30,16.99,8.6,509.7,258.0,251.7
Southeast,Miami,Sports & Outdoors,Yoga Mat,2025-08-01,28,24.99,12.69,699.72,355.32,344.4
Southwest,Dallas,Apparel,Denim Jacket,2025-08-01,12,69.99,33.21,839.88,398.52,441.36
Southwest,Dallas,Apparel,Men's T-Shirt,2025-08-01,16,19.99,9.14,319.84,146.24,173.6
Southwest,Dallas,Apparel,Running Shoes,2025-08-01,16,79.99,39.14,1279.84,626.24,653.6
Southwest,Dallas,Apparel,Women's Leggings,2025-08-01,18,34.99,14.28,629.82,257.04,372.78
Southwest,Dallas,Apparel,Wool Sweater,2025-08-01,13,54.99,24.44,714.87,317.72,397.15
Southwest,Dallas,Beauty & Personal Care,Electric Toothbrush,2025-08-01,9,44.99,19.81,404.91,178.29,226.62
Southwest,Dallas,Beauty & Personal Care,Facial Cleanser,2025-08-01,8,14.99,5.86,119.92,46.88,73.04
Southwest,Dallas,Beauty & Personal Care,Hair Dryer,2025-08-01,13,39.99,17.2,519.87,223.6,296.27
Southwest,Dallas,Beauty & Personal Care,Moisturizer,2025-08-01,9,18.99,7.65,170.91,68.85,102.06
Southwest,Dallas,Beauty & Personal Care,Perfume Set,2025-08-01,17,42.99,15.52,730.83,263.84,466.99
Southwest,Dallas,Electronics,Bluetooth Speaker,2025-08-01,14,44.99,28.06,629.86,392.84,237.02
Southwest,Dallas,Electronics,Portable Charger,2025-08-01,16,34.99,22.44,559.84,359.04,200.8
Southwest,Dallas,Electronics,Smartwatch,2025-08-01,17,119.99,81.44,2039.83,1384.48,655.35
Southwest,Dallas,Electronics,Tablet Stand,2025-08-01,14,24.99,14.75,349.86,206.5,143.36
Southwest,Dallas,Electronics,Wireless Earbuds,2025-08-01,17,59.99,38.78,1019.83,659.26,360.57
Southwest,Dallas,Home & Kitchen,Coffee Maker,2025-08-01,15,49.99,36.96,749.85,554.4,195.45
Southwest,Dallas,Home & Kitchen,LED Desk Lamp,2025-08-01,12,27.99,19.8,335.88,237.6,98.28
Southwest,Dallas,Home & Kitchen,Non-Stick Pan Set,2025-08-01,16,64.99,45.64,1039.84,730.24,309.6
Southwest,Dallas,Home & Kitchen,Storage Bins (Set of 3),2025-08-01,11,22.99,16.65,252.89,183.15,69.74
Southwest,Dallas,Home & Kitchen,Throw Blanket,2025-08-01,11,29.99,20.02,329.89,220.22,109.67
Southwest,Dallas,Sports & Outdoors,Camping Tent,2025-08-01,2,129.99,73.42,259.98,146.84,113.14
Southwest,Dallas,Sports & Outdoors,Hiking Backpack,2025-08-01,5,74.99,41.78,374.95,208.9,166.05
Southwest,Dallas,Sports & Outdoors,Resistance Bands,2025-08-01,4,19.99,9.49,79.96,37.96,42.0
Southwest,Dallas,Sports & Outdoors,Water Bottle,2025-08-01,8,16.99,8.47,135.92,67.76,68.16
Southwest,Dallas,Sports & Outdoors,Yoga Mat,2025-08-01,4,24.99,12.77,99.96,51.08,48.88
West,Los Angeles,Apparel,Denim Jacket,2025-08-01,11,69.99,33.58,769.89,369.38,400.51
West,Los Angeles,Apparel,Men's T-Shirt,2025-08-01,11,19.99,8.94,219.89,98.34,121.55
West,Los Angeles,Apparel,Running Shoes,2025-08-01,17,79.99,38.81,1359.83,659.77,700.06
West,Los Angeles,Apparel,Women's Leggings,2025-08-01,23,34.99,14.31,804.77,329.13,475.64
West,Los Angeles,Apparel,Wool Sweater,2025-08-01,10,54.99,24.06,549.9,240.6,309.3
West,Los Angeles,Beauty & Personal Care,Electric Toothbrush,2025-08-01,14,44.99,20.78,629.86,290.92,338.94
West,Los Angeles,Beauty & Personal Care,Facial Cleanser,2025-08-01,17,14.99,5.81,254.83,98.77,156.06
West,Los Angeles,Beauty & Personal Care,Hair Dryer,2025-08-01,20,39.99,17.2,799.8,344.0,455.8
West,Los Angeles,Beauty & Personal Care,Moisturizer,2025-08-01,15,18.99,7.49,284.85,112.35,172.5
West,Los Angeles,Beauty & Personal Care,Perfume Set,2025-08-01,20,42.99,16.27,859.8,325.4,534.4
West,Los Angeles,Electronics,Bluetooth Speaker,2025-08-01,15,44.99,28.47,674.85,427.05,247.8
West,Los Angeles,Electronics,Portable Charger,2025-08-01,19,34.99,22.41,664.81,425.79,239.02
West,Los Angeles,Electronics,Smartwatch,2025-08-01,11,119.99,83.98,1319.89,923.78,396.11
West,Los Angeles,Electronics,Tablet Stand,2025-08-01,15,24.99,14.89,374.85,223.35,151.5
West,Los Angeles,Electronics,Wireless Earbuds,2025-08-01,14,59.99,38.57,839.86,539.98,299.88
West,Los Angeles,Home & Kitchen,Coffee Maker,2025-08-01,18,49.99,35.0,899.82,630.0,269.82
West,Los Angeles,Home & Kitchen,LED Desk Lamp,2025-08-01,17,27.99,19.42,475.83,330.14,145.69
West,Los Angeles,Home & Kitchen,Non-Stick Pan Set,2025-08-01,16,64.99,45.98,1039.84,735.68,304.16
West,Los Angeles,Home & Kitchen,Storage Bins (Set of 3),2025-08-01,21,22.99,16.57,482.79,347.97,134.82
West,Los Angeles,Home & Kitchen,Throw Blanket,2025-08-01,15,29.99,19.94,449.85,299.1,150.75
West,Los Angeles,Sports & Outdoors,Camping Tent,2025-08-01,12,129.99,73.78,1559.88,885.36,674.52
West,Los Angeles,Sports & Outdoors,Hiking Backpack,2025-08-01,20,74.99,40.24,1499.8,804.8,695.0
West,Los Angeles,Sports & Outdoors,Resistance Bands,2025-08-01,15,19.99,9.56,299.85,143.4,156.45
West,Los Angeles,Sports & Outdoors,Water Bottle,2025-08-01,11,16.99,8.58,186.89,94.38,92.51
West,Los Angeles,Sports & Outdoors,Yoga Mat,2025-08-01,21,24.99,12.8,524.79,268.8,255.99
West,Seattle,Apparel,Denim Jacket,2025-08-01,14,69.99,33.59,979.86,470.26,509.6
West,Seattle,Apparel,Men's T-Shirt,2025-08-01,18,19.99,9.23,359.82,166.14,193.68
West,Seattle,Apparel,Running Shoes,2025-08-01,17,79.99,40.0,1359.83,680.0,679.83
West,Seattle,Apparel,Women's Leggings,2025-08-01,14,34.99,14.37,489.86,201.18,288.68
West,Seattle,Apparel,Wool Sweater,2025-08-01,17,54.99,24.27,934.83,412.59,522.24
West,Seattle,Beauty & Personal Care,Electric Toothbrush,2025-08-01,10,44.99,20.52,449.9,205.2,244.7
West,Seattle,Beauty & Personal Care,Facial Cleanser,2025-08-01,13,14.99,5.65,194.87,73.45,121.42
West,Seattle,Beauty & Personal Care,Hair Dryer,2025-08-01,18,39.99,16.47,719.82,296.46,423.36
West,Seattle,Beauty & Personal Care,Moisturizer,2025-08-01,22,18.99,7.52,417.78,165.44,252.34
West,Seattle,Beauty & Personal Care,Perfume Set,2025-08-01,13,42.99,16.11,558.87,209.43,349.44
West,Seattle,Electronics,Bluetooth Speaker,2025-08-01,22,44.99,27.62,989.78,607.64,382.14
West,Seattle,Electronics,Portable Charger,2025-08-01,14,34.99,22.52,489.86,315.28,174.58
West,Seattle,Electronics,Smartwatch,2025-08-01,14,119.99,81.71,1679.86,1143.94,535.92
West,Seattle,Electronics,Tablet Stand,2025-08-01,13,24.99,15.13,324.87,196.69,128.18
West,Seattle,Electronics,Wireless Earbuds,2025-08-01,23,59.99,39.47,1379.77,907.81,471.96
West,Seattle,Home & Kitchen,Coffee Maker,2025-08-01,19,49.99,36.8,949.81,699.2,250.61
West,Seattle,Home & Kitchen,LED Desk Lamp,2025-08-01,14,27.99,20.01,391.86,280.14,111.72
West,Seattle,Home & Kitchen,Non-Stick Pan Set,2025-08-01,17,64.99,46.52,1104.83,790.84,313.99
West,Seattle,Home & Kitchen,Storage Bins (Set of 3),2025-08-01,11,22.99,16.55,252.89,182.05,70.84
West,Seattle,Home & Kitchen,Throw Blanket,2025-08-01,13,29.99,20.76,389.87,269.88,119.99
West,Seattle,Sports & Outdoors,Camping Tent,2025-08-01,12,129.99,75.43,1559.88,905.16,654.72
West,Seattle,Sports & Outdoors,Hiking Backpack,2025-08-01,29,74.99,40.45,2174.71,1173.05,1001.66
West,Seattle,Sports & Outdoors,Resistance Bands,2025-08-01,16,19.99,9.7,319.84,155.2,164.64
West,Seattle,Sports & Outdoors,Water Bottle,2025-08-01,12,16.99,8.66,203.88,103.92,99.96
West,Seattle,Sports & Outdoors,Yoga Mat,2025-08-01,24,24.99,13.03,599.76,312.72,287.04
Midwest,Chicago,Apparel,Denim Jacket,2025-09-01,8,69.99,33.63,559.92,269.04,290.88
Midwest,Chicago,Apparel,Men's T-Shirt,2025-09-01,17,19.99,9.09,339.83,154.53,185.3
Midwest,Chicago,Apparel,Running Shoes,2025-09-01,11,79.99,39.88,879.89,438.68,441.21
Midwest,Chicago,Apparel,Women's Leggings,2025-09-01,12,34.99,14.33,419.88,171.96,247.92
Midwest,Chicago,Apparel,Wool Sweater,2025-09-01,21,54.99,24.18,1154.79,507.78,647.01
Midwest,Chicago,Beauty & Personal Care,Electric Toothbrush,2025-09-01,17,44.99,19.96,764.83,339.32,425.51
Midwest,Chicago,Beauty & Personal Care,Facial Cleanser,2025-09-01,19,14.99,5.61,284.81,106.59,178.22
Midwest,Chicago,Beauty & Personal Care,Hair Dryer,2025-09-01,16,39.99,17.09,639.84,273.44,366.4
Midwest,Chicago,Beauty & Personal Care,Moisturizer,2025-09-01,18,18.99,7.62,341.82,137.16,204.66
Midwest,Chicago,Beauty & Personal Care,Perfume Set,2025-09-01,18,42.99,16.01,773.82,288.18,485.64
Midwest,Chicago,Electronics,Bluetooth Speaker,2025-09-01,14,44.99,27.13,629.86,379.82,250.04
Midwest,Chicago,Electronics,Portable Charger,2025-09-01,21,34.99,22.06,734.79,463.26,271.53
Midwest,Chicago,Electronics,Smartwatch,2025-09-01,21,119.99,80.65,2519.79,1693.65,826.14
Midwest,Chicago,Electronics,Tablet Stand,2025-09-01,19,24.99,14.69,474.81,279.11,195.7
Midwest,Chicago,Electronics,Wireless Earbuds,2025-09-01,26,59.99,39.91,1559.74,1037.66,522.08
Midwest,Chicago,Home & Kitchen,Coffee Maker,2025-09-01,20,49.99,35.85,999.8,717.0,282.8
Midwest,Chicago,Home & Kitchen,LED Desk Lamp,2025-09-01,7,27.99,19.47,195.93,136.29,59.64
Midwest,Chicago,Home & Kitchen,Non-Stick Pan Set,2025-09-01,18,64.99,45.85,1169.82,825.3,344.52
Midwest,Chicago,Home & Kitchen,Storage Bins (Set of 3),2025-09-01,11,22.99,17.16,252.89,188.76,64.13
Midwest,Chicago,Home & Kitchen,Throw Blanket,2025-09-01,17,29.99,19.85,509.83,337.45,172.38
Midwest,Chicago,Sports & Outdoors,Camping Tent,2025-09-01,14,129.99,75.69,1819.86,1059.66,760.2
Midwest,Chicago,Sports & Outdoors,Hiking Backpack,2025-09-01,20,74.99,40.89,1499.8,817.8,682.0
Midwest,Chicago,Sports & Outdoors,Resistance Bands,2025-09-01,22,19.99,9.35,439.78,205.7,234.08
Midwest,Chicago,Sports & Outdoors,Water Bottle,2025-09-01,17,16.99,8.73,288.83,148.41,140.42
Midwest,Chicago,Sports & Outdoors,Yoga Mat,2025-09-01,17,24.99,13.3,424.83,226.1,198.73
Northeast,Boston,Apparel,Denim Jacket,2025-09-01,30,69.99,33.35,2099.7,1000.5,1099.2
Northeast,Boston,Apparel,Men's T-Shirt,2025-09-01,21,19.99,9.08,419.79,190.68,229.11
Northeast,Boston,Apparel,Running Shoes,2025-09-01,17,79.99,39.44,1359.83,670.48,689.35
Northeast,Boston,Apparel,Women's Leggings,2025-09-01,21,34.99,14.87,734.79,312.27,422.52
Northeast,Boston,Apparel,Wool Sweater,2025-09-01,16,54.99,24.63,879.84,394.08,485.76
Northeast,Boston,Beauty & Personal Care,Electric Toothbrush,2025-09-01,17,44.99,20.49,764.83,348.33,416.5
Northeast,Boston,Beauty & Personal Care,Facial Cleanser,2025-09-01,19,14.99,5.58,284.81,106.02,178.79
Northeast,Boston,Beauty & Personal Care,Hair Dryer,2025-09-01,9,39.99,16.51,359.91,148.59,211.32
Northeast,Boston,Beauty & Personal Care,Moisturizer,2025-09-01,19,18.99,7.76,360.81,147.44,213.37
Northeast,Boston,Beauty & Personal Care,Perfume Set,2025-09-01,13,42.99,15.57,558.87,202.41,356.46
Northeast,Boston,Electronics,Bluetooth Speaker,2025-09-01,24,44.99,28.57,1079.76,685.68,394.08
Northeast,Boston,Electronics,Portable Charger,2025-09-01,19,34.99,23.06,664.81,438.14,226.67
Northeast,Boston,Electronics,Smartwatch,2025-09-01,15,119.99,82.35,1799.85,1235.25,564.6
Northeast,Boston,Electronics,Tablet Stand,2025-09-01,26,24.99,14.6,649.74,379.6,270.14
Northeast,Boston,Electronics,Wireless Earbuds,2025-09-01,9,59.99,40.01,539.91,360.09,179.82
Northeast,Boston,Home & Kitchen,Coffee Maker,2025-09-01,20,49.99,36.16,999.8,723.2,276.6
Northeast,Boston,Home & Kitchen,LED Desk Lamp,2025-09-01,23,27.99,20.22,643.77,465.06,178.71
Northeast,Boston,Home & Kitchen,Non-Stick Pan Set,2025-09-01,21,64.99,44.84,1364.79,941.64,423.15
Northeast,Boston,Home & Kitchen,Storage Bins (Set of 3),2025-09-01,28,22.99,16.6,643.72,464.8,178.92
Northeast,Boston,Home & Kitchen,Throw Blanket,2025-09-01,15,29.99,20.83,449.85,312.45,137.4
Northeast,Boston,Sports & Outdoors,Camping Tent,2025-09-01,20,129.99,74.82,2599.8,1496.4,1103.4
Northeast,Boston,Sports & Outdoors,Hiking Backpack,2025-09-01,9,74.99,42.44,674.91,381.96,292.95
Northeast,Boston,Sports & Outdoors,Resistance Bands,2025-09-01,8,19.99,9.61,159.92,76.88,83.04
Northeast,Boston,Sports & Outdoors,Water Bottle,2025-09-01,20,16.99,8.39,339.8,167.8,172.0
Northeast,Boston,Sports & Outdoors,Yoga Mat,2025-09-01,20,24.99,13.02,499.8,260.4,239.4
Northeast,New York,Apparel,Denim Jacket,2025-09-01,8,69.99,34.49,559.92,275.92,284.0
Northeast,New York,Apparel,Men's T-Shirt,2025-09-01,13,19.99,8.95,259.87,116.35,143.52
Northeast,New York,Apparel,Running Shoes,2025-09-01,8,79.99,40.38,639.92,323.04,316.88
Northeast,New York,Apparel,Women's Leggings,2025-09-01,13,34.99,14.73,454.87,191.49,263.38
Northeast,New York,Apparel,Wool Sweater,2025-09-01,9,54.99,24.3,494.91,218.7,276.21
Northeast,New York,Beauty & Personal Care,Electric Toothbrush,2025-09-01,19,44.99,20.36,854.81,386.84,467.97
Northeast,New York,Beauty & Personal Care,Facial Cleanser,2025-09-01,6,14.99,5.54,89.94,33.24,56.7
Northeast,New York,Beauty & Personal Care,Hair Dryer,2025-09-01,8,39.99,16.72,319.92,133.76,186.16
Northeast,New York,Beauty & Personal Care,Moisturizer,2025-09-01,13,18.99,7.38,246.87,95.94,150.93
Northeast,New York,Beauty & Personal Care,Perfume Set,2025-09-01,19,42.99,15.66,816.81,297.54,519.27
Northeast,New York,Electronics,Bluetooth Speaker,2025-09-01,8,44.99,27.85,359.92,222.8,137.12
Northeast,New York,Electronics,Portable Charger,2025-09-01,15,34.99,22.83,524.85,342.45,182.4
Northeast,New York,Electronics,Smartwatch,2025-09-01,11,119.99,79.48,1319.89,874.28,445.61
Northeast,New York,Electronics,Tablet Stand,2025-09-01,13,24.99,14.93,324.87,194.09,130.78
Northeast,New York,Electronics,Wireless Earbuds,2025-09-01,17,59.99,37.92,1019.83,644.64,375.19
Northeast,New York,Home & Kitchen,Coffee Maker,2025-09-01,10,49.99,36.76,499.9,367.6,132.3
Northeast,New York,Home & Kitchen,LED Desk Lamp,2025-09-01,13,27.99,20.24,363.87,263.12,100.75
Northeast,New York,Home & Kitchen,Non-Stick Pan Set,2025-09-01,18,64.99,46.52,1169.82,837.36,332.46
Northeast,New York,Home & Kitchen,Storage Bins (Set of 3),2025-09-01,10,22.99,16.31,229.9,163.1,66.8
Northeast,New York,Home & Kitchen,Throw Blanket,2025-09-01,9,29.99,20.32,269.91,182.88,87.03
Northeast,New York,Sports & Outdoors,Camping Tent,2025-09-01,10,129.99,77.08,1299.9,770.8,529.1
Northeast,New York,Sports & Outdoors,Hiking Backpack,2025-09-01,11,74.99,41.33,824.89,454.63,370.26
Northeast,New York,Sports & Outdoors,Resistance Bands,2025-09-01,9,19.99,9.55,179.91,85.95,93.96
Northeast,New York,Sports & Outdoors,Water Bottle,2025-09-01,6,16.99,8.7,101.94,52.2,49.74
Northeast,New York,Sports & Outdoors,Yoga Mat,2025-09-01,17,24.99,13.21,424.83,224.57,200.26
Southeast,Atlanta,Apparel,Denim Jacket,2025-09-01,8,69.99,33.84,559.92,270.72,289.2
Southeast,Atlanta,Apparel,Men's T-Shirt,2025-09-01,13,19.99,9.04,259.87,117.52,142.35
Southeast,Atlanta,Apparel,Running Shoes,2025-09-01,14,79.99,40.86,1119.86,572.04,547.82
Southeast,Atlanta,Apparel,Women's Leggings,2025-09-01,10,34.99,14.35,349.9,143.5,206.4
Southeast,Atlanta,Apparel,Wool Sweater,2025-09-01,12,54.99,24.53,659.88,294.36,365.52
Southeast,Atlanta,Beauty & Personal Care,Electric Toothbrush,2025-09-01,5,44.99,20.02,224.95,100.1,124.85
Southeast,Atlanta,Beauty & Personal Care,Facial Cleanser,2025-09-01,14,14.99,5.62,209.86,78.68,131.18
Southeast,Atlanta,Beauty & Personal Care,Hair Dryer,2025-09-01,17,39.99,17.26,679.83,293.42,386.41
Southeast,Atlanta,Beauty & Personal Care,Moisturizer,2025-09-01,14,18.99,7.37,265.86,103.18,162.68
Southeast,Atlanta,Beauty & Personal Care,Perfume Set,2025-09-01,9,42.99,15.87,386.91,142.83,244.08
Southeast,Atlanta,Electronics,Bluetooth Speaker,2025-09-01,18,44.99,27.22,809.82,489.96,319.86
Southeast,Atlanta,Electronics,Portable Charger,2025-09-01,15,34.99,23.05,524.85,345.75,179.1
Southeast,Atlanta,Electronics,Smartwatch,2025-09-01,21,119.99,82.61,2519.79,1734.81,784.98
Southeast,Atlanta,Electronics,Tablet Stand,2025-09-01,14,24.99,14.88,349.86,208.32,141.54
Southeast,Atlanta,Electronics,Wireless Earbuds,2025-09-01,17,59.99,38.37,1019.83,652.29,367.54
Southeast,Atlanta,Home & Kitchen,Coffee Maker,2025-09-01,10,49.99,37.03,499.9,370.3,129.6
Southeast,Atlanta,Home & Kitchen,LED Desk Lamp,2025-09-01,12,27.99,19.41,335.88,232.92,102.96
Southeast,Atlanta,Home & Kitchen,Non-Stick Pan Set,2025-09-01,12,64.99,44.37,779.88,532.44,247.44
Southeast,Atlanta,Home & Kitchen,Storage Bins (Set of 3),2025-09-01,16,22.99,16.58,367.84,265.28,102.56
Southeast,Atlanta,Home & Kitchen,Throw Blanket,2025-09-01,13,29.99,20.75,389.87,269.75,120.12
Southeast,Atlanta,Sports & Outdoors,Camping Tent,2025-09-01,11,129.99,73.37,1429.89,807.07,622.82
Southeast,Atlanta,Sports & Outdoors,Hiking Backpack,2025-09-01,11,74.99,42.07,824.89,462.77,362.12
Southeast,Atlanta,Sports & Outdoors,Resistance Bands,2025-09-01,13,19.99,9.73,259.87,126.49,133.38
Southeast,Atlanta,Sports & Outdoors,Water Bottle,2025-09-01,20,16.99,8.45,339.8,169.0,170.8
Southeast,Atlanta,Sports & Outdoors,Yoga Mat,2025-09-01,19,24.99,13.09,474.81,248.71,226.1
Southeast,Miami,Apparel,Denim Jacket,2025-09-01,17,69.99,34.05,1189.83,578.85,610.98
Southeast,Miami,Apparel,Men's T-Shirt,2025-09-01,11,19.99,9.19,219.89,101.09,118.8
Southeast,Miami,Apparel,Running Shoes,2025-09-01,24,79.99,40.06,1919.76,961.44,958.32
Southeast,Miami,Apparel,Women's Leggings,2025-09-01,41,34.99,14.89,1434.59,610.49,824.1
Southeast,Miami,Apparel,Wool Sweater,2025-09-01,18,54.99,24.8,989.82,446.4,543.42
Southeast,Miami,Beauty & Personal Care,Electric Toothbrush,2025-09-01,21,44.99,20.24,944.79,425.04,519.75
Southeast,Miami,Beauty & Personal Care,Facial Cleanser,2025-09-01,16,14.99,5.56,239.84,88.96,150.88
Southeast,Miami,Beauty & Personal Care,Hair Dryer,2025-09-01,24,39.99,16.45,959.76,394.8,564.96
Southeast,Miami,Beauty & Personal Care,Moisturizer,2025-09-01,18,18.99,7.71,341.82,138.78,203.04
Southeast,Miami,Beauty & Personal Care,Perfume Set,2025-09-01,18,42.99,15.48,773.82,278.64,495.18
Southeast,Miami,Electronics,Bluetooth Speaker,2025-09-01,17,44.99,27.49,764.83,467.33,297.5
Southeast,Miami,Electronics,Portable Charger,2025-09-01,23,34.99,22.44,804.77,516.12,288.65
Southeast,Miami,Electronics,Smartwatch,2025-09-01,16,119.99,79.65,1919.84,1274.4,645.44
Southeast,Miami,Electronics,Tablet Stand,2025-09-01,24,24.99,15.25,599.76,366.0,233.76
Southeast,Miami,Electronics,Wireless Earbuds,2025-09-01,14,59.99,37.87,839.86,530.18,309.68
Southeast,Miami,Home & Kitchen,Coffee Maker,2025-09-01,13,49.99,35.55,649.87,462.15,187.72
Southeast,Miami,Home & Kitchen,LED Desk Lamp,2025-09-01,23,27.99,19.82,643.77,455.86,187.91
Southeast,Miami,Home & Kitchen,Non-Stick Pan Set,2025-09-01,28,64.99,45.97,1819.72,1287.16,532.56
Southeast,Miami,Home & Kitchen,Storage Bins (Set of 3),2025-09-01,18,22.99,16.78,413.82,302.04,111.78
Southeast,Miami,Home & Kitchen,Throw Blanket,2025-09-01,30,29.99,20.19,899.7,605.7,294.0
Southeast,Miami,Sports & Outdoors,Camping Tent,2025-09-01,14,129.99,75.83,1819.86,1061.62,758.24
Southeast,Miami,Sports & Outdoors,Hiking Backpack,2025-09-01,14,74.99,41.82,1049.86,585.48,464.38
Southeast,Miami,Sports & Outdoors,Resistance Bands,2025-09-01,16,19.99,9.65,319.84,154.4,165.44
Southeast,Miami,Sports & Outdoors,Water Bottle,2025-09-01,14,16.99,8.59,237.86,120.26,117.6
Southeast,Miami,Sports & Outdoors,Yoga Mat,2025-09-01,18,24.99,13.02,449.82,234.36,215.46
Southwest,Dallas,Apparel,Denim Jacket,2025-09-01,14,69.99,33.45,979.86,468.3,511.56
Southwest,Dallas,Apparel,Men's T-Shirt,2025-09-01,17,19.99,8.83,339.83,150.11,189.72
Southwest,Dallas,Apparel,Running Shoes,2025-09-01,11,79.99,39.48,879.89,434.28,445.61
Southwest,Dallas,Apparel,Women's Leggings,2025-09-01,17,34.99,15.07,594.83,256.19,338.64
Southwest,Dallas,Apparel,Wool Sweater,2025-09-01,8,54.99,23.76,439.92,190.08,249.84
Southwest,Dallas,Beauty & Personal Care,Electric Toothbrush,2025-09-01,10,44.99,20.65,449.9,206.5,243.4
Southwest,Dallas,Beauty & Personal Care,Facial Cleanser,2025-09-01,10,14.99,5.78,149.9,57.8,92.1
Southwest,Dallas,Beauty & Personal Care,Hair Dryer,2025-09-01,14,39.99,17.08,559.86,239.12,320.74
Southwest,Dallas,Beauty & Personal Care,Moisturizer,2025-09-01,10,18.99,7.61,189.9,76.1,113.8
Southwest,Dallas,Beauty & Personal Care,Perfume Set,2025-09-01,17,42.99,15.64,730.83,265.88,464.95
Southwest,Dallas,Electronics,Bluetooth Speaker,2025-09-01,17,44.99,27.52,764.83,467.84,296.99
Southwest,Dallas,Electronics,Portable Charger,2025-09-01,13,34.99,22.19,454.87,288.47,166.4
Southwest,Dallas,Electronics,Smartwatch,2025-09-01,15,119.99,83.39,1799.85,1250.85,549.0
Southwest,Dallas,Electronics,Tablet Stand,2025-09-01,6,24.99,14.6,149.94,87.6,62.34
Southwest,Dallas,Electronics,Wireless Earbuds,2025-09-01,12,59.99,38.02,719.88,456.24,263.64
Southwest,Dallas,Home & Kitchen,Coffee Maker,2025-09-01,11,49.99,36.77,549.89,404.47,145.42
Southwest,Dallas,Home & Kitchen,LED Desk Lamp,2025-09-01,11,27.99,20.06,307.89,220.66,87.23
Southwest,Dallas,Home & Kitchen,Non-Stick Pan Set,2025-09-01,12,64.99,46.83,779.88,561.96,217.92
Southwest,Dallas,Home & Kitchen,Storage Bins (Set of 3),2025-09-01,16,22.99,16.55,367.84,264.8,103.04
Southwest,Dallas,Home & Kitchen,Throw Blanket,2025-09-01,15,29.99,19.81,449.85,297.15,152.7
Southwest,Dallas,Sports & Outdoors,Camping Tent,2025-09-01,4,129.99,74.35,519.96,297.4,222.56
Southwest,Dallas,Sports & Outdoors,Hiking Backpack,2025-09-01,6,74.99,40.41,449.94,242.46,207.48
Southwest,Dallas,Sports & Outdoors,Resistance Bands,2025-09-01,3,19.99,9.34,59.97,28.02,31.95
Southwest,Dallas,Sports & Outdoors,Water Bottle,2025-09-01,4,16.99,8.4,67.96,33.6,34.36
Southwest,Dallas,Sports & Outdoors,Yoga Mat,2025-09-01,3,24.99,12.93,74.97,38.79,36.18
West,Los Angeles,Apparel,Denim Jacket,2025-09-01,18,69.99,32.77,1259.82,589.86,669.96
West,Los Angeles,Apparel,Men's T-Shirt,2025-09-01,16,19.99,9.07,319.84,145.12,174.72
West,Los Angeles,Apparel,Running Shoes,2025-09-01,15,79.99,39.16,1199.85,587.4,612.45
West,Los Angeles,Apparel,Women's Leggings,2025-09-01,13,34.99,15.1,454.87,196.3,258.57
West,Los Angeles,Apparel,Wool Sweater,2025-09-01,13,54.99,24.39,714.87,317.07,397.8
West,Los Angeles,Beauty & Personal Care,Electric Toothbrush,2025-09-01,11,44.99,20.22,494.89,222.42,272.47
West,Los Angeles,Beauty & Personal Care,Facial Cleanser,2025-09-01,12,14.99,5.63,179.88,67.56,112.32
West,Los Angeles,Beauty & Personal Care,Hair Dryer,2025-09-01,14,39.99,16.73,559.86,234.22,325.64
West,Los Angeles,Beauty & Personal Care,Moisturizer,2025-09-01,18,18.99,7.54,341.82,135.72,206.1
West,Los Angeles,Beauty & Personal Care,Perfume Set,2025-09-01,19,42.99,15.49,816.81,294.31,522.5
West,Los Angeles,Electronics,Bluetooth Speaker,2025-09-01,9,44.99,28.32,404.91,254.88,150.03
West,Los Angeles,Electronics,Portable Charger,2025-09-01,13,34.99,22.47,454.87,292.11,162.76
West,Los Angeles,Electronics,Smartwatch,2025-09-01,14,119.99,80.29,1679.86,1124.06,555.8
West,Los Angeles,Electronics,Tablet Stand,2025-09-01,18,24.99,15.35,449.82,276.3,173.52
West,Los Angeles,Electronics,Wireless Earbuds,2025-09-01,15,59.99,39.64,899.85,594.6,305.25
West,Los Angeles,Home & Kitchen,Coffee Maker,2025-09-01,9,49.99,36.97,449.91,332.73,117.18
West,Los Angeles,Home & Kitchen,LED Desk Lamp,2025-09-01,18,27.99,19.49,503.82,350.82,153.0
West,Los Angeles,Home & Kitchen,Non-Stick Pan Set,2025-09-01,11,64.99,46.49,714.89,511.39,203.5
West,Los Angeles,Home & Kitchen,Storage Bins (Set of 3),2025-09-01,19,22.99,16.36,436.81,310.84,125.97
West,Los Angeles,Home & Kitchen,Throw Blanket,2025-09-01,7,29.99,20.25,209.93,141.75,68.18
West,Los Angeles,Sports & Outdoors,Camping Tent,2025-09-01,15,129.99,77.34,1949.85,1160.1,789.75
West,Los Angeles,Sports & Outdoors,Hiking Backpack,2025-09-01,10,74.99,41.59,749.9,415.9,334.0
West,Los Angeles,Sports & Outdoors,Resistance Bands,2025-09-01,21,19.99,9.62,419.79,202.02,217.77
West,Los Angeles,Sports & Outdoors,Water Bottle,2025-09-01,12,16.99,8.57,203.88,102.84,101.04
West,Los Angeles,Sports & Outdoors,Yoga Mat,2025-09-01,15,24.99,13.37,374.85,200.55,174.3
West,Seattle,Apparel,Denim Jacket,2025-09-01,12,69.99,33.08,839.88,396.96,442.92
West,Seattle,Apparel,Men's T-Shirt,2025-09-01,17,19.99,9.13,339.83,155.21,184.62
West,Seattle,Apparel,Running Shoes,2025-09-01,13,79.99,39.25,1039.87,510.25,529.62
West,Seattle,Apparel,Women's Leggings,2025-09-01,18,34.99,14.59,629.82,262.62,367.2
West,Seattle,Apparel,Wool Sweater,2025-09-01,17,54.99,24.32,934.83,413.44,521.39
West,Seattle,Beauty & Personal Care,Electric Toothbrush,2025-09-01,22,44.99,19.96,989.78,439.12,550.66
West,Seattle,Beauty & Personal Care,Facial Cleanser,2025-09-01,26,14.99,5.86,389.74,152.36,237.38
West,Seattle,Beauty & Personal Care,Hair Dryer,2025-09-01,24,39.99,16.5,959.76,396.0,563.76
West,Seattle,Beauty & Personal Care,Moisturizer,2025-09-01,17,18.99,7.4,322.83,125.8,197.03
West,Seattle,Beauty & Personal Care,Perfume Set,2025-09-01,15,42.99,16.08,644.85,241.2,403.65
West,Seattle,Electronics,Bluetooth Speaker,2025-09-01,14,44.99,28.6,629.86,400.4,229.46
West,Seattle,Electronics,Portable Charger,2025-09-01,21,34.99,22.53,734.79,473.13,261.66
West,Seattle,Electronics,Smartwatch,2025-09-01,19,119.99,83.94,2279.81,1594.86,684.95
West,Seattle,Electronics,Tablet Stand,2025-09-01,26,24.99,14.98,649.74,389.48,260.26
West,Seattle,Electronics,Wireless Earbuds,2025-09-01,23,59.99,38.05,1379.77,875.15,504.62
West,Seattle,Home & Kitchen,Coffee Maker,2025-09-01,19,49.99,36.13,949.81,686.47,263.34
West,Seattle,Home & Kitchen,LED Desk Lamp,2025-09-01,17,27.99,19.55,475.83,332.35,143.48
West,Seattle,Home & Kitchen,Non-Stick Pan Set,2025-09-01,22,64.99,44.57,1429.78,980.54,449.24
West,Seattle,Home & Kitchen,Storage Bins (Set of 3),2025-09-01,10,22.99,16.82,229.9,168.2,61.7
West,Seattle,Home & Kitchen,Throw Blanket,2025-09-01,18,29.99,20.67,539.82,372.06,167.76
West,Seattle,Sports & Outdoors,Camping Tent,2025-09-01,10,129.99,77.21,1299.9,772.1,527.8
West,Seattle,Sports & Outdoors,Hiking Backpack,2025-09-01,21,74.99,41.96,1574.79,881.16,693.63
West,Seattle,Sports & Outdoors,Resistance Bands,2025-09-01,27,19.99,9.38,539.73,253.26,286.47
West,Seattle,Sports & Outdoors,Water Bottle,2025-09-01,17,16.99,8.75,288.83,148.75,140.08
West,Seattle,Sports & Outdoors,Yoga Mat,2025-09-01,24,24.99,12.92,599.76,310.08,289.68
Midwest,Chicago,Apparel,Denim Jacket,2025-10-01,11,69.99,32.65,769.89,359.15,410.74
Midwest,Chicago,Apparel,Men's T-Shirt,2025-10-01,26,19.99,9.0,519.74,234.0,285.74
Midwest,Chicago,Apparel,Running Shoes,2025-10-01,17,79.99,40.81,1359.83,693.77,666.06
Midwest,Chicago,Apparel,Women's Leggings,2025-10-01,11,34.99,14.71,384.89,161.81,223.08
Midwest,Chicago,Apparel,Wool Sweater,2025-10-01,20,54.99,24.8,1099.8,496.0,603.8
Midwest,Chicago,Beauty & Personal Care,Electric Toothbrush,2025-10-01,17,44.99,19.91,764.83,338.47,426.36
Midwest,Chicago,Beauty & Personal Care,Facial Cleanser,2025-10-01,20,14.99,5.57,299.8,111.4,188.4
Midwest,Chicago,Beauty & Personal Care,Hair Dryer,2025-10-01,14,39.99,16.81,559.86,235.34,324.52
Midwest,Chicago,Beauty & Personal Care,Moisturizer,2025-10-01,18,18.99,7.72,341.82,138.96,202.86
Midwest,Chicago,Beauty & Personal Care,Perfume Set,2025-10-01,11,42.99,15.52,472.89,170.72,302.17
Midwest,Chicago,Electronics,Bluetooth Speaker,2025-10-01,14,44.99,27.54,629.86,385.56,244.3
Midwest,Chicago,Electronics,Portable Charger,2025-10-01,16,34.99,22.62,559.84,361.92,197.92
Midwest,Chicago,Electronics,Smartwatch,2025-10-01,23,119.99,81.97,2759.77,1885.31,874.46
Midwest,Chicago,Electronics,Tablet Stand,2025-10-01,15,24.99,14.92,374.85,223.8,151.05
Midwest,Chicago,Electronics,Wireless Earbuds,2025-10-01,19,59.99,38.38,1139.81,729.22,410.59
Midwest,Chicago,Home & Kitchen,Coffee Maker,2025-10-01,10,49.99,35.44,499.9,354.4,145.5
Midwest,Chicago,Home & Kitchen,LED Desk Lamp,2025-10-01,11,27.99,19.74,307.89,217.14,90.75
Midwest,Chicago,Home & Kitchen,Non-Stick Pan Set,2025-10-01,8,64.99,45.33,519.92,362.64,157.28
Midwest,Chicago,Home & Kitchen,Storage Bins (Set of 3),2025-10-01,23,22.99,17.0,528.77,391.0,137.77
Midwest,Chicago,Home & Kitchen,Throw Blanket,2025-10-01,15,29.99,20.9,449.85,313.5,136.35
Midwest,Chicago,Sports & Outdoors,Camping Tent,2025-10-01,16,129.99,73.38,2079.84,1174.08,905.76
Midwest,Chicago,Sports & Outdoors,Hiking Backpack,2025-10-01,23,74.99,41.13,1724.77,945.99,778.78
Midwest,Chicago,Sports & Outdoors,Resistance Bands,2025-10-01,19,19.99,9.83,379.81,186.77,193.04
Midwest,Chicago,Sports & Outdoors,Water Bottle,2025-10-01,18,16.99,8.51,305.82,153.18,152.64
Midwest,Chicago,Sports & Outdoors,Yoga Mat,2025-10-01,9,24.99,13.37,224.91,120.33,104.58
Northeast,Boston,Apparel,Denim Jacket,2025-10-01,17,69.99,32.92,1189.83,559.64,630.19
Northeast,Boston,Apparel,Men's T-Shirt,2025-10-01,6,19.99,9.24,119.94,55.44,64.5
Northeast,Boston,Apparel,Running Shoes,2025-10-01,16,79.99,39.41,1279.84,630.56,649.28
Northeast,Boston,Apparel,Women's Leggings,2025-10-01,16,34.99,14.82,559.84,237.12,322.72
Northeast,Boston,Apparel,Wool Sweater,2025-10-01,21,54.99,24.41,1154.79,512.61,642.18
Northeast,Boston,Beauty & Personal Care,Electric Toothbrush,2025-10-01,15,44.99,20.22,674.85,303.3,371.55
Northeast,Boston,Beauty & Personal Care,Facial Cleanser,2025-10-01,18,14.99,5.58,269.82,100.44,169.38
Northeast,Boston,Beauty & Personal Care,Hair Dryer,2025-10-01,15,39.99,17.17,599.85,257.55,342.3
Northeast,Boston,Beauty & Personal Care,Moisturizer,2025-10-01,12,18.99,7.72,227.88,92.64,135.24
Northeast,Boston,Beauty & Personal Care,Perfume Set,2025-10-01,9,42.99,16.01,386.91,144.09,242.82
Northeast,Boston,Electronics,Bluetooth Speaker,2025-10-01,21,44.99,27.49,944.79,577.29,367.5
Northeast,Boston,Electronics,Portable Charger,2025-10-01,21,34.99,22.07,734.79,463.47,271.32
Northeast,Boston,Electronics,Smartwatch,2025-10-01,9,119.99,83.36,1079.91,750.24,329.67
Northeast,Boston,Electronics,Tablet Stand,2025-10-01,18,24.99,15.31,449.82,275.58,174.24
Northeast,Boston,Electronics,Wireless Earbuds,2025-10-01,12,59.99,39.76,719.88,477.12,242.76
Northeast,Boston,Home & Kitchen,Coffee Maker,2025-10-01,12,49.99,35.71,599.88,428.52,171.36
Northeast,Boston,Home & Kitchen,LED Desk Lamp,2025-10-01,18,27.99,19.97,503.82,359.46,144.36
Northeast,Boston,Home & Kitchen,Non-Stick Pan Set,2025-10-01,18,64.99,46.61,1169.82,838.98,330.84
Northeast,Boston,Home & Kitchen,Storage Bins (Set of 3),2025-10-01,17,22.99,17.13,390.83,291.21,99.62
Northeast,Boston,Home & Kitchen,Throw Blanket,2025-10-01,22,29.99,19.85,659.78,436.7,223.08
Northeast,Boston,Sports & Outdoors,Camping Tent,2025-10-01,20,129.99,74.38,2599.8,1487.6,1112.2
Northeast,Boston,Sports & Outdoors,Hiking Backpack,2025-10-01,23,74.99,41.73,1724.77,959.79,764.98
Northeast,Boston,Sports & Outdoors,Resistance Bands,2025-10-01,15,19.99,9.83,299.85,147.45,152.4
Northeast,Boston,Sports & Outdoors,Water Bottle,2025-10-01,16,16.99,8.52,271.84,136.32,135.52
Northeast,Boston,Sports & Outdoors,Yoga Mat,2025-10-01,20,24.99,12.68,499.8,253.6,246.2
Northeast,New York,Apparel,Denim Jacket,2025-10-01,13,69.99,33.17,909.87,431.21,478.66
Northeast,New York,Apparel,Men's T-Shirt,2025-10-01,13,19.99,9.05,259.87,117.65,142.22
Northeast,New York,Apparel,Running Shoes,2025-10-01,18,79.99,40.37,1439.82,726.66,713.16
Northeast,New York,Apparel,Women's Leggings,2025-10-01,17,34.99,14.91,594.83,253.47,341.36
Northeast,New York,Apparel,Wool Sweater,2025-10-01,14,54.99,24.33,769.86,340.62,429.24
Northeast,New York,Beauty & Personal Care,Electric Toothbrush,2025-10-01,14,44.99,20.72,629.86,290.08,339.78
Northeast,New York,Beauty & Personal Care,Facial Cleanser,2025-10-01,14,14.99,5.58,209.86,78.12,131.74
Northeast,New York,Beauty & Personal Care,Hair Dryer,2025-10-01,14,39.99,16.55,559.86,231.7,328.16
Northeast,New York,Beauty & Personal Care,Moisturizer,2025-10-01,11,18.99,7.5,208.89,82.5,126.39
Northeast,New York,Beauty & Personal Care,Perfume Set,2025-10-01,10,42.99,16.05,429.9,160.5,269.4
Northeast,New York,Electronics,Bluetooth Speaker,2025-10-01,16,44.99,27.4,719.84,438.4,281.44
Northeast,New York,Electronics,Portable Charger,2025-10-01,10,34.99,22.96,349.9,229.6,120.3
Northeast,New York,Electronics,Smartwatch,2025-10-01,10,119.99,79.67,1199.9,796.7,403.2
Northeast,New York,Electronics,Tablet Stand,2025-10-01,9,24.99,14.95,224.91,134.55,90.36
Northeast,New York,Electronics,Wireless Earbuds,2025-10-01,10,59.99,38.27,599.9,382.7,217.2
Northeast,New York,Home & Kitchen,Coffee Maker,2025-10-01,8,49.99,36.56,399.92,292.48,107.44
Northeast,New York,Home & Kitchen,LED Desk Lamp,2025-10-01,13,27.99,19.4,363.87,252.2,111.67
Northeast,New York,Home & Kitchen,Non-Stick Pan Set,2025-10-01,12,64.99,44.8,779.88,537.6,242.28
Northeast,New York,Home & Kitchen,Storage Bins (Set of 3),2025-10-01,9,22.99,16.91,206.91,152.19,54.72
Northeast,New York,Home & Kitchen,Throw Blanket,2025-10-01,11,29.99,20.88,329.89,229.68,100.21
Northeast,New York,Sports & Outdoors,Camping Tent,2025-10-01,12,129.99,73.39,1559.88,880.68,679.2
Northeast,New York,Sports & Outdoors,Hiking Backpack,2025-10-01,7,74.99,42.45,524.93,297.15,227.78
Northeast,New York,Sports & Outdoors,Resistance Bands,2025-10-01,12,19.99,9.82,239.88,117.84,122.04
Northeast,New York,Sports & Outdoors,Water Bottle,2025-10-01,13,16.99,8.26,220.87,107.38,113.49
Northeast,New York,Sports & Outdoors,Yoga Mat,2025-10-01,10,24.99,13.03,249.9,130.3,119.6
Southeast,Atlanta,Apparel,Denim Jacket,2025-10-01,16,69.99,34.1,1119.84,545.6,574.24
Southeast,Atlanta,Apparel,Men's T-Shirt,2025-10-01,25,19.99,9.16,499.75,229.0,270.75
Southeast,Atlanta,Apparel,Running Shoes,2025-10-01,14,79.99,39.41,1119.86,551.74,568.12
Southeast,Atlanta,Apparel,Women's Leggings,2025-10-01,10,34.99,14.91,349.9,149.1,200.8
Southeast,Atlanta,Apparel,Wool Sweater,2025-10-01,11,54.99,24.12,604.89,265.32,339.57
Southeast,Atlanta,Beauty & Personal Care,Electric Toothbrush,2025-10-01,9,44.99,20.43,404.91,183.87,221.04
Southeast,Atlanta,Beauty & Personal Care,Facial Cleanser,2025-10-01,16,14.99,5.77,239.84,92.32,147.52
Southeast,Atlanta,Beauty & Personal Care,Hair Dryer,2025-10-01,14,39.99,16.46,559.86,230.44,329.42
Southeast,Atlanta,Beauty & Personal Care,Moisturizer,2025-10-01,15,18.99,7.39,284.85,110.85,174.0
Southeast,Atlanta,Beauty & Personal Care,Perfume Set,2025-10-01,19,42.99,15.54,816.81,295.26,521.55
Southeast,Atlanta,Electronics,Bluetooth Speaker,2025-10-01,12,44.99,27.72,539.88,332.64,207.24
Southeast,Atlanta,Electronics,Portable Charger,2025-10-01,9,34.99,23.02,314.91,207.18,107.73
Southeast,Atlanta,Electronics,Smartwatch,2025-10-01,13,119.99,83.46,1559.87,1084.98,474.89
Southeast,Atlanta,Electronics,Tablet Stand,2025-10-01,17,24.99,15.25,424.83,259.25,165.58
Southeast,Atlanta,Electronics,Wireless Earbuds,2025-10-01,8,59.99,38.15,479.92,305.2,174.72
Southeast,Atlanta,Home & Kitchen,Coffee Maker,2025-10-01,14,49.99,35.53,699.86,497.42,202.44
Southeast,Atlanta,Home & Kitchen,LED Desk Lamp,2025-10-01,14,27.99,19.56,391.86,273.84,118.02
Southeast,Atlanta,Home & Kitchen,Non-Stick Pan Set,2025-10-01,12,64.99,45.56,779.88,546.72,233.16
Southeast,Atlanta,Home & Kitchen,Storage Bins (Set of 3),2025-10-01,14,22.99,16.61,321.86,232.54,89.32
Southeast,Atlanta,Home & Kitchen,Throw Blanket,2025-10-01,19,29.99,20.85,569.81,396.15,173.66
Southeast,Atlanta,Sports & Outdoors,Camping Tent,2025-10-01,9,129.99,74.98,1169.91,674.82,495.09
Southeast,Atlanta,Sports & Outdoors,Hiking Backpack,2025-10-01,15,74.99,41.25,1124.85,618.75,506.1
Southeast,Atlanta,Sports & Outdoors,Resistance Bands,2025-10-01,13,19.99,9.46,259.87,122.98,136.89
Southeast,Atlanta,Sports & Outdoors,Water Bottle,2025-10-01,11,16.99,8.44,186.89,92.84,94.05
Southeast,Atlanta,Sports & Outdoors,Yoga Mat,2025-10-01,17,24.99,12.61,424.83,214.37,210.46
Southeast,Miami,Apparel,Denim Jacket,2025-10-01,17,69.99,33.6,1189.83,571.2,618.63
Southeast,Miami,Apparel,Men's T-Shirt,2025-10-01,13,19.99,9.22,259.87,119.86,140.01
Southeast,Miami,Apparel,Running Shoes,2025-10-01,29,79.99,40.08,2319.71,1162.32,1157.39
Southeast,Miami,Apparel,Women's Leggings,2025-10-01,15,34.99,14.42,524.85,216.3,308.55
Southeast,Miami,Apparel,Wool Sweater,2025-10-01,15,54.99,24.47,824.85,367.05,457.8
Southeast,Miami,Beauty & Personal Care,Electric Toothbrush,2025-10-01,16,44.99,20.53,719.84,328.48,391.36
Southeast,Miami,Beauty & Personal Care,Facial Cleanser,2025-10-01,16,14.99,5.83,239.84,93.28,146.56
Southeast,Miami,Beauty & Personal Care,Hair Dryer,2025-10-01,27,39.99,16.56,1079.73,447.12,632.61
Southeast,Miami,Beauty & Personal Care,Moisturizer,2025-10-01,12,18.99,7.51,227.88,90.12,137.76
Southeast,Miami,Beauty & Personal Care,Perfume Set,2025-10-01,21,42.99,15.77,902.79,331.17,571.62
Southeast,Miami,Electronics,Bluetooth Speaker,2025-10-01,17,44.99,27.78,764.83,472.26,292.57
Southeast,Miami,Electronics,Portable Charger,2025-10-01,16,34.99,22.06,559.84,352.96,206.88
Southeast,Miami,Electronics,Smartwatch,2025-10-01,12,119.99,81.96,1439.88,983.52,456.36
Southeast,Miami,Electronics,Tablet Stand,2025-10-01,15,24.99,15.28,374.85,229.2,145.65
Southeast,Miami,Electronics,Wireless Earbuds,2025-10-01,16,59.99,39.16,959.84,626.56,333.28
Southeast,Miami,Home & Kitchen,Coffee Maker,2025-10-01,27,49.99,36.16,1349.73,976.32,373.41
Southeast,Miami,Home & Kitchen,LED Desk Lamp,2025-10-01,19,27.99,20.03,531.81,380.57,151.24
Southeast,Miami,Home & Kitchen,Non-Stick Pan Set,2025-10-01,17,64.99,45.92,1104.83,780.64,324.19
Southeast,Miami,Home & Kitchen,Storage Bins (Set of 3),2025-10-01,21,22.99,16.72,482.79,351.12,131.67
Southeast,Miami,Home & Kitchen,Throw Blanket,2025-10-01,27,29.99,20.19,809.73,545.13,264.6
Southeast,Miami,Sports & Outdoors,Camping Tent,2025-10-01,12,129.99,76.05,1559.88,912.6,647.28
Southeast,Miami,Sports & Outdoors,Hiking Backpack,2025-10-01,25,74.99,41.6,1874.75,1040.0,834.75
Southeast,Miami,Sports & Outdoors,Resistance Bands,2025-10-01,13,19.99,9.78,259.87,127.14,132.73
Southeast,Miami,Sports & Outdoors,Water Bottle,2025-10-01,25,16.99,8.65,424.75,216.25,208.5
Southeast,Miami,Sports & Outdoors,Yoga Mat,2025-10-01,16,24.99,13.02,399.84,208.32,191.52
Southwest,Dallas,Apparel,Denim Jacket,2025-10-01,19,69.99,33.15,1329.81,629.85,699.96
Southwest,Dallas,Apparel,Men's T-Shirt,2025-10-01,7,19.99,9.11,139.93,63.77,76.16
Southwest,Dallas,Apparel,Running Shoes,2025-10-01,12,79.99,38.98,959.88,467.76,492.12
Southwest,Dallas,Apparel,Women's Leggings,2025-10-01,16,34.99,14.55,559.84,232.8,327.04
Southwest,Dallas,Apparel,Wool Sweater,2025-10-01,16,54.99,23.83,879.84,381.28,498.56
Southwest,Dallas,Beauty & Personal Care,Electric Toothbrush,2025-10-01,11,44.99,20.45,494.89,224.95,269.94
Southwest,Dallas,Beauty & Personal Care,Facial Cleanser,2025-10-01,10,14.99,5.64,149.9,56.4,93.5
Southwest,Dallas,Beauty & Personal Care,Hair Dryer,2025-10-01,17,39.99,16.89,679.83,287.13,392.7
Southwest,Dallas,Beauty & Personal Care,Moisturizer,2025-10-01,14,18.99,7.38,265.86,103.32,162.54
Southwest,Dallas,Beauty & Personal Care,Perfume Set,2025-10-01,11,42.99,16.32,472.89,179.52,293.37
Southwest,Dallas,Electronics,Bluetooth Speaker,2025-10-01,24,44.99,27.34,1079.76,656.16,423.6
Southwest,Dallas,Electronics,Portable Charger,2025-10-01,16,34.99,22.57,559.84,361.12,198.72
Southwest,Dallas,Electronics,Smartwatch,2025-10-01,12,119.99,82.49,1439.88,989.88,450.0
Southwest,Dallas,Electronics,Tablet Stand,2025-10-01,12,24.99,14.74,299.88,176.88,123.0
Southwest,Dallas,Electronics,Wireless Earbuds,2025-10-01,16,59.99,40.11,959.84,641.76,318.08
Southwest,Dallas,Home & Kitchen,Coffee Maker,2025-10-01,17,49.99,36.91,849.83,627.47,222.36
Southwest,Dallas,Home & Kitchen,LED Desk Lamp,2025-10-01,13,27.99,19.69,363.87,255.97,107.9
Southwest,Dallas,Home & Kitchen,Non-Stick Pan Set,2025-10-01,20,64.99,44.44,1299.8,888.8,411.0
Southwest,Dallas,Home & Kitchen,Storage Bins (Set of 3),2025-10-01,14,22.99,16.59,321.86,232.26,89.6
Southwest,Dallas,Home & Kitchen,Throw Blanket,2025-10-01,19,29.99,20.46,569.81,388.74,181.07
Southwest,Dallas,Sports & Outdoors,Camping Tent,2025-10-01,4,129.99,76.83,519.96,307.32,212.64
Southwest,Dallas,Sports & Outdoors,Hiking Backpack,2025-10-01,3,74.99,41.15,224.97,123.45,101.52
Southwest,Dallas,Sports & Outdoors,Resistance Bands,2025-10-01,5,19.99,9.35,99.95,46.75,53.2
Southwest,Dallas,Sports & Outdoors,Water Bottle,2025-10-01,5,16.99,8.39,84.95,41.95,43.0
Southwest,Dallas,Sports & Outdoors,Yoga Mat,2025-10-01,2,24.99,13.18,49.98,26.36,23.62
West,Los Angeles,Apparel,Denim Jacket,2025-10-01,14,69.99,33.58,979.86,470.12,509.74
West,Los Angeles,Apparel,Men's T-Shirt,2025-10-01,20,19.99,8.89,399.8,177.8,222.0
West,Los Angeles,Apparel,Running Shoes,2025-10-01,15,79.99,40.37,1199.85,605.55,594.3
West,Los Angeles,Apparel,Women's Leggings,2025-10-01,18,34.99,15.05,629.82,270.9,358.92
West,Los Angeles,Apparel,Wool Sweater,2025-10-01,22,54.99,24.09,1209.78,529.98,679.8
West,Los Angeles,Beauty & Personal Care,Electric Toothbrush,2025-10-01,20,44.99,19.97,899.8,399.4,500.4
West,Los Angeles,Beauty & Personal Care,Facial Cleanser,2025-10-01,10,14.99,5.69,149.9,56.9,93.0
West,Los Angeles,Beauty & Personal Care,Hair Dryer,2025-10-01,16,39.99,16.5,639.84,264.0,375.84
West,Los Angeles,Beauty & Personal Care,Moisturizer,2025-10-01,10,18.99,7.53,189.9,75.3,114.6
West,Los Angeles,Beauty & Personal Care,Perfume Set,2025-10-01,19,42.99,16.05,816.81,304.95,511.86
West,Los Angeles,Electronics,Bluetooth Speaker,2025-10-01,11,44.99,27.38,494.89,301.18,193.71
West,Los Angeles,Electronics,Portable Charger,2025-10-01,17,34.99,22.41,594.83,380.97,213.86
West,Los Angeles,Electronics,Smartwatch,2025-10-01,8,119.99,83.7,959.92,669.6,290.32
West,Los Angeles,Electronics,Tablet Stand,2025-10-01,20,24.99,14.7,499.8,294.0,205.8
West,Los Angeles,Electronics,Wireless Earbuds,2025-10-01,8,59.99,38.35,479.92,306.8,173.12
West,Los Angeles,Home & Kitchen,Coffee Maker,2025-10-01,16,49.99,36.95,799.84,591.2,208.64
West,Los Angeles,Home & Kitchen,LED Desk Lamp,2025-10-01,18,27.99,19.36,503.82,348.48,155.34
West,Los Angeles,Home & Kitchen,Non-Stick Pan Set,2025-10-01,23,64.99,44.28,1494.77,1018.44,476.33
West,Los Angeles,Home & Kitchen,Storage Bins (Set of 3),2025-10-01,24,22.99,17.12,551.76,410.88,140.88
West,Los Angeles,Home & Kitchen,Throw Blanket,2025-10-01,9,29.99,20.74,269.91,186.66,83.25
West,Los Angeles,Sports & Outdoors,Camping Tent,2025-10-01,22,129.99,76.06,2859.78,1673.32,1186.46
West,Los Angeles,Sports & Outdoors,Hiking Backpack,2025-10-01,15,74.99,41.12,1124.85,616.8,508.05
West,Los Angeles,Sports & Outdoors,Resistance Bands,2025-10-01,14,19.99,9.62,279.86,134.68,145.18
West,Los Angeles,Sports & Outdoors,Water Bottle,2025-10-01,22,16.99,8.56,373.78,188.32,185.46
West,Los Angeles,Sports & Outdoors,Yoga Mat,2025-10-01,8,24.99,13.36,199.92,106.88,93.04
West,Seattle,Apparel,Denim Jacket,2025-10-01,15,69.99,34.2,1049.85,513.0,536.85
West,Seattle,Apparel,Men's T-Shirt,2025-10-01,17,19.99,9.25,339.83,157.25,182.58
West,Seattle,Apparel,Running Shoes,2025-10-01,16,79.99,39.47,1279.84,631.52,648.32
West,Seattle,Apparel,Women's Leggings,2025-10-01,20,34.99,15.1,699.8,302.0,397.8
West,Seattle,Apparel,Wool Sweater,2025-10-01,21,54.99,23.9,1154.79,501.9,652.89
West,Seattle,Beauty & Personal Care,Electric Toothbrush,2025-10-01,12,44.99,20.28,539.88,243.36,296.52
West,Seattle,Beauty & Personal Care,Facial Cleanser,2025-10-01,16,14.99,5.86,239.84,93.76,146.08
West,Seattle,Beauty & Personal Care,Hair Dryer,2025-10-01,22,39.99,17.21,879.78,378.62,501.16
West,Seattle,Beauty & Personal Care,Moisturizer,2025-10-01,13,18.99,7.8,246.87,101.4,145.47
West,Seattle,Beauty & Personal Care,Perfume Set,2025-10-01,21,42.99,16.29,902.79,342.09,560.7
West,Seattle,Electronics,Bluetooth Speaker,2025-10-01,15,44.99,27.17,674.85,407.55,267.3
West,Seattle,Electronics,Portable Charger,2025-10-01,15,34.99,22.1,524.85,331.5,193.35
West,Seattle,Electronics,Smartwatch,2025-10-01,22,119.99,80.65,2639.78,1774.3,865.48
West,Seattle,Electronics,Tablet Stand,2025-10-01,22,24.99,14.74,549.78,324.28,225.5
West,Seattle,Electronics,Wireless Earbuds,2025-10-01,20,59.99,38.4,1199.8,768.0,431.8
West,Seattle,Home & Kitchen,Coffee Maker,2025-10-01,11,49.99,36.96,549.89,406.56,143.33
West,Seattle,Home & Kitchen,LED Desk Lamp,2025-10-01,23,27.99,19.91,643.77,457.93,185.84
West,Seattle,Home & Kitchen,Non-Stick Pan Set,2025-10-01,13,64.99,45.76,844.87,594.88,249.99
West,Seattle,Home & Kitchen,Storage Bins (Set of 3),2025-10-01,21,22.99,17.06,482.79,358.26,124.53
West,Seattle,Home & Kitchen,Throw Blanket,2025-10-01,12,29.99,20.52,359.88,246.24,113.64
West,Seattle,Sports & Outdoors,Camping Tent,2025-10-01,15,129.99,73.62,1949.85,1104.3,845.55
West,Seattle,Sports & Outdoors,Hiking Backpack,2025-10-01,17,74.99,42.01,1274.83,714.17,560.66
West,Seattle,Sports & Outdoors,Resistance Bands,2025-10-01,13,19.99,9.54,259.87,124.02,135.85
West,Seattle,Sports & Outdoors,Water Bottle,2025-10-01,27,16.99,8.72,458.73,235.44,223.29
West,Seattle,Sports & Outdoors,Yoga Mat,2025-10-01,11,24.99,12.72,274.89,139.92,134.97
Midwest,Chicago,Apparel,Denim Jacket,2025-11-01,11,69.99,33.19,769.89,365.09,404.8
Midwest,Chicago,Apparel,Men's T-Shirt,2025-11-01,16,19.99,8.75,319.84,140.0,179.84
Midwest,Chicago,Apparel,Running Shoes,2025-11-01,14,79.99,39.05,1119.86,546.7,573.16
Midwest,Chicago,Apparel,Women's Leggings,2025-11-01,19,34.99,14.48,664.81,275.12,389.69
Midwest,Chicago,Apparel,Wool Sweater,2025-11-01,13,54.99,24.01,714.87,312.13,402.74
Midwest,Chicago,Beauty & Personal Care,Electric Toothbrush,2025-11-01,15,44.99,20.77,674.85,311.55,363.3
Midwest,Chicago,Beauty & Personal Care,Facial Cleanser,2025-11-01,19,14.99,5.57,284.81,105.83,178.98
Midwest,Chicago,Beauty & Personal Care,Hair Dryer,2025-11-01,10,39.99,16.94,399.9,169.4,230.5
Midwest,Chicago,Beauty & Personal Care,Moisturizer,2025-11-01,11,18.99,7.47,208.89,82.17,126.72
Midwest,Chicago,Beauty & Personal Care,Perfume Set,2025-11-01,16,42.99,16.13,687.84,258.08,429.76
Midwest,Chicago,Electronics,Bluetooth Speaker,2025-11-01,25,44.99,27.74,1124.75,693.5,431.25
Midwest,Chicago,Electronics,Portable Charger,2025-11-01,45,34.99,21.75,1574.55,978.75,595.8
Midwest,Chicago,Electronics,Smartwatch,2025-11-01,33,119.99,79.74,3959.67,2631.42,1328.25
Midwest,Chicago,Electronics,Tablet Stand,2025-11-01,41,24.99,15.18,1024.59,622.38,402.21
Midwest,Chicago,Electronics,Wireless Earbuds,2025-11-01,33,59.99,39.69,1979.67,1309.77,669.9
Midwest,Chicago,Home & Kitchen,Coffee Maker,2025-11-01,14,49.99,35.81,699.86,501.34,198.52
Midwest,Chicago,Home & Kitchen,LED Desk Lamp,2025-11-01,18,27.99,20.02,503.82,360.36,143.46
Midwest,Chicago,Home & Kitchen,Non-Stick Pan Set,2025-11-01,17,64.99,44.17,1104.83,750.89,353.94
Midwest,Chicago,Home & Kitchen,Storage Bins (Set of 3),2025-11-01,13,22.99,16.52,298.87,214.76,84.11
Midwest,Chicago,Home & Kitchen,Throw Blanket,2025-11-01,12,29.99,20.17,359.88,242.04,117.84
Midwest,Chicago,Sports & Outdoors,Camping Tent,2025-11-01,12,129.99,77.6,1559.88,931.2,628.68
Midwest,Chicago,Sports & Outdoors,Hiking Backpack,2025-11-01,18,74.99,40.71,1349.82,732.78,617.04
Midwest,Chicago,Sports & Outdoors,Resistance Bands,2025-11-01,18,19.99,9.61,359.82,172.98,186.84
Midwest,Chicago,Sports & Outdoors,Water Bottle,2025-11-01,23,16.99,8.32,390.77,191.36,199.41
Midwest,Chicago,Sports & Outdoors,Yoga Mat,2025-11-01,10,24.99,13.26,249.9,132.6,117.3
Northeast,Boston,Apparel,Denim Jacket,2025-11-01,18,69.99,34.39,1259.82,619.02,640.8
Northeast,Boston,Apparel,Men's T-Shirt,2025-11-01,13,19.99,8.75,259.87,113.75,146.12
Northeast,Boston,Apparel,Running Shoes,2025-11-01,11,79.99,39.25,879.89,431.75,448.14
Northeast,Boston,Apparel,Women's Leggings,2025-11-01,16,34.99,15.04,559.84,240.64,319.2
Northeast,Boston,Apparel,Wool Sweater,2025-11-01,18,54.99,23.61,989.82,424.98,564.84
Northeast,Boston,Beauty & Personal Care,Electric Toothbrush,2025-11-01,15,44.99,19.7,674.85,295.5,379.35
Northeast,Boston,Beauty & Personal Care,Facial Cleanser,2025-11-01,21,14.99,5.71,314.79,119.91,194.88
Northeast,Boston,Beauty & Personal Care,Hair Dryer,2025-11-01,13,39.99,17.02,519.87,221.26,298.61
Northeast,Boston,Beauty & Personal Care,Moisturizer,2025-11-01,16,18.99,7.79,303.84,124.64,179.2
Northeast,Boston,Beauty & Personal Care,Perfume Set,2025-11-01,15,42.99,15.55,644.85,233.25,411.6
Northeast,Boston,Electronics,Bluetooth Speaker,2025-11-01,39,44.99,28.44,1754.61,1109.16,645.45
Northeast,Boston,Electronics,Portable Charger,2025-11-01,35,34.99,22.28,1224.65,779.8,444.85
Northeast,Boston,Electronics,Smartwatch,2025-11-01,42,119.99,79.54,5039.58,3340.68,1698.9
Northeast,Boston,Electronics,Tablet Stand,2025-11-01,37,24.99,14.9,924.63,551.3,373.33
Northeast,Boston,Electronics,Wireless Earbuds,2025-11-01,39,59.99,40.07,2339.61,1562.73,776.88
Northeast,Boston,Home & Kitchen,Coffee Maker,2025-11-01,22,49.99,34.99,1099.78,769.78,330.0
Northeast,Boston,Home & Kitchen,LED Desk Lamp,2025-11-01,16,27.99,20.39,447.84,326.24,121.6
Northeast,Boston,Home & Kitchen,Non-Stick Pan Set,2025-11-01,8,64.99,45.6,519.92,364.8,155.12
Northeast,Boston,Home & Kitchen,Storage Bins (Set of 3),2025-11-01,21,22.99,16.95,482.79,355.95,126.84
Northeast,Boston,Home & Kitchen,Throw Blanket,2025-11-01,17,29.99,20.35,509.83,345.95,163.88
Northeast,Boston,Sports & Outdoors,Camping Tent,2025-11-01,19,129.99,75.48,2469.81,1434.12,1035.69
Northeast,Boston,Sports & Outdoors,Hiking Backpack,2025-11-01,10,74.99,41.67,749.9,416.7,333.2
Northeast,Boston,Sports & Outdoors,Resistance Bands,2025-11-01,19,19.99,9.83,379.81,186.77,193.04
Northeast,Boston,Sports & Outdoors,Water Bottle,2025-11-01,12,16.99,8.56,203.88,102.72,101.16
Northeast,Boston,Sports & Outdoors,Yoga Mat,2025-11-01,21,24.99,13.3,524.79,279.3,245.49
Northeast,New York,Apparel,Denim Jacket,2025-11-01,7,69.99,34.5,489.93,241.5,248.43
Northeast,New York,Apparel,Men's T-Shirt,2025-11-01,7,19.99,8.78,139.93,61.46,78.47
Northeast,New York,Apparel,Running Shoes,2025-11-01,18,79.99,39.08,1439.82,703.44,736.38
Northeast,New York,Apparel,Women's Leggings,2025-11-01,5,34.99,14.4,174.95,72.0,102.95
Northeast,New York,Apparel,Wool Sweater,2025-11-01,11,54.99,23.48,604.89,258.28,346.61
Northeast,New York,Beauty & Personal Care,Electric Toothbrush,2025-11-01,17,44.99,20.54,764.83,349.18,415.65
Northeast,New York,Beauty & Personal Care,Facial Cleanser,2025-11-01,10,14.99,5.56,149.9,55.6,94.3
Northeast,New York,Beauty & Personal Care,Hair Dryer,2025-11-01,12,39.99,17.25,479.88,207.0,272.88
Northeast,New York,Beauty & Personal Care,Moisturizer,2025-11-01,9,18.99,7.61,170.91,68.49,102.42
Northeast,New York,Beauty & Personal Care,Perfume Set,2025-11-01,10,42.99,15.95,429.9,159.5,270.4
Northeast,New York,Electronics,Bluetooth Speaker,2025-11-01,30,44.99,28.54,1349.7,856.2,493.5
Northeast,New York,Electronics,Portable Charger,2025-11-01,26,34.99,22.43,909.74,583.18,326.56
Northeast,New York,Electronics,Smartwatch,2025-11-01,23,119.99,80.35,2759.77,1848.05,911.72
Northeast,New York,Electronics,Tablet Stand,2025-11-01,41,24.99,14.69,1024.59,602.29,422.3
Northeast,New York,Electronics,Wireless Earbuds,2025-11-01,24,59.99,38.69,1439.76,928.56,511.2
Northeast,New York,Home & Kitchen,Coffee Maker,2025-11-01,16,49.99,36.84,799.84,589.44,210.4
Northeast,New York,Home & Kitchen,LED Desk Lamp,2025-11-01,14,27.99,19.56,391.86,273.84,118.02
Northeast,New York,Home & Kitchen,Non-Stick Pan Set,2025-11-01,7,64.99,45.22,454.93,316.54,138.39
Northeast,New York,Home & Kitchen,Storage Bins (Set of 3),2025-11-01,9,22.99,17.06,206.91,153.54,53.37
Northeast,New York,Home & Kitchen,Throw Blanket,2025-11-01,12,29.99,20.38,359.88,244.56,115.32
Northeast,New York,Sports & Outdoors,Camping Tent,2025-11-01,10,129.99,76.46,1299.9,764.6,535.3
Northeast,New York,Sports & Outdoors,Hiking Backpack,2025-11-01,12,74.99,40.37,899.88,484.44,415.44
Northeast,New York,Sports & Outdoors,Resistance Bands,2025-11-01,10,19.99,9.77,199.9,97.7,102.2
Northeast,New York,Sports & Outdoors,Water Bottle,2025-11-01,9,16.99,8.49,152.91,76.41,76.5
Northeast,New York,Sports & Outdoors,Yoga Mat,2025-11-01,12,24.99,12.63,299.88,151.56,148.32
Southeast,Atlanta,Apparel,Denim Jacket,2025-11-01,14,69.99,33.54,979.86,469.56,510.3
Southeast,Atlanta,Apparel,Men's T-Shirt,2025-11-01,16,19.99,9.14,319.84,146.24,173.6
Southeast,Atlanta,Apparel,Running Shoes,2025-11-01,11,79.99,39.16,879.89,430.76,449.13
Southeast,Atlanta,Apparel,Women's Leggings,2025-11-01,22,34.99,14.55,769.78,320.1,449.68
Southeast,Atlanta,Apparel,Wool Sweater,2025-11-01,12,54.99,24.57,659.88,294.84,365.04
Southeast,Atlanta,Beauty & Personal Care,Electric Toothbrush,2025-11-01,15,44.99,20.4,674.85,306.0,368.85
Southeast,Atlanta,Beauty & Personal Care,Facial Cleanser,2025-11-01,14,14.99,5.81,209.86,81.34,128.52
Southeast,Atlanta,Beauty & Personal Care,Hair Dryer,2025-11-01,14,39.99,17.21,559.86,240.94,318.92
Southeast,Atlanta,Beauty & Personal Care,Moisturizer,2025-11-01,9,18.99,7.73,170.91,69.57,101.34
Southeast,Atlanta,Beauty & Personal Care,Perfume Set,2025-11-01,14,42.99,15.91,601.86,222.74,379.12
Southeast,Atlanta,Electronics,Bluetooth Speaker,2025-11-01,27,44.99,27.89,1214.73,753.03,461.7
Southeast,Atlanta,Electronics,Portable Charger,2025-11-01,16,34.99,22.24,559.84,355.84,204.0
Southeast,Atlanta,Electronics,Smartwatch,2025-11-01,41,119.99,80.86,4919.59,3315.26,1604.33
Southeast,Atlanta,Electronics,Tablet Stand,2025-11-01,22,24.99,15.3,549.78,336.6,213.18
Southeast,Atlanta,Electronics,Wireless Earbuds,2025-11-01,34,59.99,39.6,2039.66,1346.4,693.26
Southeast,Atlanta,Home & Kitchen,Coffee Maker,2025-11-01,7,49.99,36.86,349.93,258.02,91.91
Southeast,Atlanta,Home & Kitchen,LED Desk Lamp,2025-11-01,7,27.99,20.33,195.93,142.31,53.62
Southeast,Atlanta,Home & Kitchen,Non-Stick Pan Set,2025-11-01,12,64.99,44.21,779.88,530.52,249.36
Southeast,Atlanta,Home & Kitchen,Storage Bins (Set of 3),2025-11-01,17,22.99,16.5,390.83,280.5,110.33
Southeast,Atlanta,Home & Kitchen,Throw Blanket,2025-11-01,13,29.99,20.92,389.87,271.96,117.91
Southeast,Atlanta,Sports & Outdoors,Camping Tent,2025-11-01,10,129.99,74.51,1299.9,745.1,554.8
Southeast,Atlanta,Sports & Outdoors,Hiking Backpack,2025-11-01,9,74.99,41.52,674.91,373.68,301.23
Southeast,Atlanta,Sports & Outdoors,Resistance Bands,2025-11-01,12,19.99,9.86,239.88,118.32,121.56
Southeast,Atlanta,Sports & Outdoors,Water Bottle,2025-11-01,15,16.99,8.36,254.85,125.4,129.45
Southeast,Atlanta,Sports & Outdoors,Yoga Mat,2025-11-01,10,24.99,12.98,249.9,129.8,120.1
Southeast,Miami,Apparel,Denim Jacket,2025-11-01,21,69.99,33.7,1469.79,707.7,762.09
Southeast,Miami,Apparel,Men's T-Shirt,2025-11-01,6,19.99,9.12,119.94,54.72,65.22
Southeast,Miami,Apparel,Running Shoes,2025-11-01,21,79.99,40.0,1679.79,840.0,839.79
Southeast,Miami,Apparel,Women's Leggings,2025-11-01,16,34.99,15.12,559.84,241.92,317.92
Southeast,Miami,Apparel,Wool Sweater,2025-11-01,19,54.99,24.51,1044.81,465.69,579.12
Southeast,Miami,Beauty & Personal Care,Electric Toothbrush,2025-11-01,21,44.99,20.36,944.79,427.56,517.23
Southeast,Miami,Beauty & Personal Care,Facial Cleanser,2025-11-01,15,14.99,5.53,224.85,82.95,141.9
Southeast,Miami,Beauty & Personal Care,Hair Dryer,2025-11-01,15,39.99,16.62,599.85,249.3,350.55
Southeast,Miami,Beauty & Personal Care,Moisturizer,2025-11-01,24,18.99,7.66,455.76,183.84,271.92
Southeast,Miami,Beauty & Personal Care,Perfume Set,2025-11-01,25,42.99,15.94,1074.75,398.5,676.25
Southeast,Miami,Electronics,Bluetooth Speaker,2025-11-01,39,44.99,27.6,1754.61,1076.4,678.21
Southeast,Miami,Electronics,Portable Charger,2025-11-01,43,34.99,22.5,1504.57,967.5,537.07
Southeast,Miami,Electronics,Smartwatch,2025-11-01,48,119.99,80.19,5759.52,3849.12,1910.4
Southeast,Miami,Electronics,Tablet Stand,2025-11-01,25,24.99,15.22,624.75,380.5,244.25
Southeast,Miami,Electronics,Wireless Earbuds,2025-11-01,47,59.99,37.85,2819.53,1778.95,1040.58
Southeast,Miami,Home & Kitchen,Coffee Maker,2025-11-01,14,49.99,36.62,699.86,512.68,187.18
Southeast,Miami,Home & Kitchen,LED Desk Lamp,2025-11-01,8,27.99,20.43,223.92,163.44,60.48
Southeast,Miami,Home & Kitchen,Non-Stick Pan Set,2025-11-01,18,64.99,45.26,1169.82,814.68,355.14
Southeast,Miami,Home & Kitchen,Storage Bins (Set of 3),2025-11-01,14,22.99,17.05,321.86,238.7,83.16
Southeast,Miami,Home & Kitchen,Throw Blanket,2025-11-01,23,29.99,20.82,689.77,478.86,210.91
Southeast,Miami,Sports & Outdoors,Camping Tent,2025-11-01,21,129.99,76.89,2729.79,1614.69,1115.1
Southeast,Miami,Sports & Outdoors,Hiking Backpack,2025-11-01,14,74.99,42.33,1049.86,592.62,457.24
Southeast,Miami,Sports & Outdoors,Resistance Bands,2025-11-01,16,19.99,9.81,319.84,156.96,162.88
Southeast,Miami,Sports & Outdoors,Water Bottle,2025-11-01,10,16.99,8.62,169.9,86.2,83.7
Southeast,Miami,Sports & Outdoors,Yoga Mat,2025-11-01,26,24.99,13.19,649.74,342.94,306.8
Southwest,Dallas,Apparel,Denim Jacket,2025-11-01,10,69.99,33.34,699.9,333.4,366.5
Southwest,Dallas,Apparel,Men's T-Shirt,2025-11-01,9,19.99,9.26,179.91,83.34,96.57
Southwest,Dallas,Apparel,Running Shoes,2025-11-01,9,79.99,41.18,719.91,370.62,349.29
Southwest,Dallas,Apparel,Women's Leggings,2025-11-01,12,34.99,14.62,419.88,175.44,244.44
Southwest,Dallas,Apparel,Wool Sweater,2025-11-01,15,54.99,24.9,824.85,373.5,451.35
Southwest,Dallas,Beauty & Personal Care,Electric Toothbrush,2025-11-01,12,44.99,19.89,539.88,238.68,301.2
Southwest,Dallas,Beauty & Personal Care,Facial Cleanser,2025-11-01,17,14.99,5.65,254.83,96.05,158.78
Southwest,Dallas,Beauty & Personal Care,Hair Dryer,2025-11-01,12,39.99,16.38,479.88,196.56,283.32
Southwest,Dallas,Beauty & Personal Care,Moisturizer,2025-11-01,19,18.99,7.63,360.81,144.97,215.84
Southwest,Dallas,Beauty & Personal Care,Perfume Set,2025-11-01,17,42.99,16.37,730.83,278.29,452.54
Southwest,Dallas,Electronics,Bluetooth Speaker,2025-11-01,27,44.99,27.5,1214.73,742.5,472.23
Southwest,Dallas,Electronics,Portable Charger,2025-11-01,40,34.99,22.32,1399.6,892.8,506.8
Southwest,Dallas,Electronics,Smartwatch,2025-11-01,14,119.99,81.65,1679.86,1143.1,536.76
Southwest,Dallas,Electronics,Tablet Stand,2025-11-01,34,24.99,14.79,849.66,502.86,346.8
Southwest,Dallas,Electronics,Wireless Earbuds,2025-11-01,46,59.99,37.91,2759.54,1743.86,1015.68
Southwest,Dallas,Home & Kitchen,Coffee Maker,2025-11-01,12,49.99,36.85,599.88,442.2,157.68
Southwest,Dallas,Home & Kitchen,LED Desk Lamp,2025-11-01,12,27.99,19.45,335.88,233.4,102.48
Southwest,Dallas,Home & Kitchen,Non-Stick Pan Set,2025-11-01,15,64.99,45.3,974.85,679.5,295.35
Southwest,Dallas,Home & Kitchen,Storage Bins (Set of 3),2025-11-01,11,22.99,16.78,252.89,184.58,68.31
Southwest,Dallas,Home & Kitchen,Throw Blanket,2025-11-01,15,29.99,20.57,449.85,308.55,141.3
Southwest,Dallas,Sports & Outdoors,Camping Tent,2025-11-01,4,129.99,77.06,519.96,308.24,211.72
Southwest,Dallas,Sports & Outdoors,Hiking Backpack,2025-11-01,3,74.99,40.58,224.97,121.74,103.23
Southwest,Dallas,Sports & Outdoors,Resistance Bands,2025-11-01,4,19.99,9.41,79.96,37.64,42.32
Southwest,Dallas,Sports & Outdoors,Water Bottle,2025-11-01,4,16.99,8.58,67.96,34.32,33.64
Southwest,Dallas,Sports & Outdoors,Yoga Mat,2025-11-01,2,24.99,12.87,49.98,25.74,24.24
West,Los Angeles,Apparel,Denim Jacket,2025-11-01,16,69.99,34.24,1119.84,547.84,572.0
West,Los Angeles,Apparel,Men's T-Shirt,2025-11-01,14,19.99,9.27,279.86,129.78,150.08
West,Los Angeles,Apparel,Running Shoes,2025-11-01,6,79.99,40.29,479.94,241.74,238.2
West,Los Angeles,Apparel,Women's Leggings,2025-11-01,14,34.99,14.85,489.86,207.9,281.96
West,Los Angeles,Apparel,Wool Sweater,2025-11-01,18,54.99,24.06,989.82,433.08,556.74
West,Los Angeles,Beauty & Personal Care,Electric Toothbrush,2025-11-01,17,44.99,20.27,764.83,344.59,420.24
West,Los Angeles,Beauty & Personal Care,Facial Cleanser,2025-11-01,14,14.99,5.83,209.86,81.62,128.24
West,Los Angeles,Beauty & Personal Care,Hair Dryer,2025-11-01,5,39.99,17.0,199.95,85.0,114.95
West,Los Angeles,Beauty & Personal Care,Moisturizer,2025-11-01,12,18.99,7.47,227.88,89.64,138.24
West,Los Angeles,Beauty & Personal Care,Perfume Set,2025-11-01,20,42.99,15.98,859.8,319.6,540.2
West,Los Angeles,Electronics,Bluetooth Speaker,2025-11-01,51,44.99,27.96,2294.49,1425.96,868.53
West,Los Angeles,Electronics,Portable Charger,2025-11-01,33,34.99,22.68,1154.67,748.44,406.23
West,Los Angeles,Electronics,Smartwatch,2025-11-01,23,119.99,83.33,2759.77,1916.59,843.18
West,Los Angeles,Electronics,Tablet Stand,2025-11-01,21,24.99,15.35,524.79,322.35,202.44
West,Los Angeles,Electronics,Wireless Earbuds,2025-11-01,35,59.99,39.07,2099.65,1367.45,732.2
West,Los Angeles,Home & Kitchen,Coffee Maker,2025-11-01,12,49.99,36.46,599.88,437.52,162.36
West,Los Angeles,Home & Kitchen,LED Desk Lamp,2025-11-01,8,27.99,19.91,223.92,159.28,64.64
West,Los Angeles,Home & Kitchen,Non-Stick Pan Set,2025-11-01,15,64.99,45.55,974.85,683.25,291.6
West,Los Angeles,Home & Kitchen,Storage Bins (Set of 3),2025-11-01,20,22.99,16.49,459.8,329.8,130.0
West,Los Angeles,Home & Kitchen,Throw Blanket,2025-11-01,22,29.99,20.17,659.78,443.74,216.04
West,Los Angeles,Sports & Outdoors,Camping Tent,2025-11-01,11,129.99,73.72,1429.89,810.92,618.97
West,Los Angeles,Sports & Outdoors,Hiking Backpack,2025-11-01,13,74.99,40.42,974.87,525.46,449.41
West,Los Angeles,Sports & Outdoors,Resistance Bands,2025-11-01,7,19.99,9.48,139.93,66.36,73.57
West,Los Angeles,Sports & Outdoors,Water Bottle,2025-11-01,17,16.99,8.57,288.83,145.69,143.14
West,Los Angeles,Sports & Outdoors,Yoga Mat,2025-11-01,13,24.99,13.33,324.87,173.29,151.58
West,Seattle,Apparel,Denim Jacket,2025-11-01,14,69.99,32.71,979.86,457.94,521.92
West,Seattle,Apparel,Men's T-Shirt,2025-11-01,22,19.99,8.91,439.78,196.02,243.76
West,Seattle,Apparel,Running Shoes,2025-11-01,20,79.99,38.89,1599.8,777.8,822.0
West,Seattle,Apparel,Women's Leggings,2025-11-01,12,34.99,14.36,419.88,172.32,247.56
West,Seattle,Apparel,Wool Sweater,2025-11-01,20,54.99,24.65,1099.8,493.0,606.8
West,Seattle,Beauty & Personal Care,Electric Toothbrush,2025-11-01,24,44.99,20.2,1079.76,484.8,594.96
West,Seattle,Beauty & Personal Care,Facial Cleanser,2025-11-01,11,14.99,5.85,164.89,64.35,100.54
West,Seattle,Beauty & Personal Care,Hair Dryer,2025-11-01,13,39.99,16.34,519.87,212.42,307.45
West,Seattle,Beauty & Personal Care,Moisturizer,2025-11-01,13,18.99,7.79,246.87,101.27,145.6
West,Seattle,Beauty & Personal Care,Perfume Set,2025-11-01,17,42.99,15.54,730.83,264.18,466.65
West,Seattle,Electronics,Bluetooth Speaker,2025-11-01,36,44.99,28.0,1619.64,1008.0,611.64
West,Seattle,Electronics,Portable Charger,2025-11-01,48,34.99,21.94,1679.52,1053.12,626.4
West,Seattle,Electronics,Smartwatch,2025-11-01,39,119.99,83.59,4679.61,3260.01,1419.6
West,Seattle,Electronics,Tablet Stand,2025-11-01,43,24.99,15.19,1074.57,653.17,421.4
West,Seattle,Electronics,Wireless Earbuds,2025-11-01,49,59.99,39.64,2939.51,1942.36,997.15
West,Seattle,Home & Kitchen,Coffee Maker,2025-11-01,13,49.99,34.98,649.87,454.74,195.13
West,Seattle,Home & Kitchen,LED Desk Lamp,2025-11-01,11,27.99,19.49,307.89,214.39,93.5
West,Seattle,Home & Kitchen,Non-Stick Pan Set,2025-11-01,17,64.99,45.85,1104.83,779.45,325.38
West,Seattle,Home & Kitchen,Storage Bins (Set of 3),2025-11-01,13,22.99,16.87,298.87,219.31,79.56
West,Seattle,Home & Kitchen,Throw Blanket,2025-11-01,22,29.99,19.85,659.78,436.7,223.08
West,Seattle,Sports & Outdoors,Camping Tent,2025-11-01,20,129.99,77.23,2599.8,1544.6,1055.2
West,Seattle,Sports & Outdoors,Hiking Backpack,2025-11-01,22,74.99,42.41,1649.78,933.02,716.76
West,Seattle,Sports & Outdoors,Resistance Bands,2025-11-01,12,19.99,9.66,239.88,115.92,123.96
West,Seattle,Sports & Outdoors,Water Bottle,2025-11-01,12,16.99,8.3,203.88,99.6,104.28
West,Seattle,Sports & Outdoors,Yoga Mat,2025-11-01,14,24.99,12.62,349.86,176.68,173.18
Midwest,Chicago,Apparel,Denim Jacket,2025-12-01,16,69.99,33.45,1119.84,535.2,584.64
Midwest,Chicago,Apparel,Men's T-Shirt,2025-12-01,14,19.99,9.06,279.86,126.84,153.02
Midwest,Chicago,Apparel,Running Shoes,2025-12-01,12,79.99,40.99,959.88,491.88,468.0
Midwest,Chicago,Apparel,Women's Leggings,2025-12-01,17,34.99,14.26,594.83,242.42,352.41
Midwest,Chicago,Apparel,Wool Sweater,2025-12-01,18,54.99,24.79,989.82,446.22,543.6
Midwest,Chicago,Beauty & Personal Care,Electric Toothbrush,2025-12-01,18,44.99,19.72,809.82,354.96,454.86
Midwest,Chicago,Beauty & Personal Care,Facial Cleanser,2025-12-01,12,14.99,5.61,179.88,67.32,112.56
Midwest,Chicago,Beauty & Personal Care,Hair Dryer,2025-12-01,12,39.99,16.98,479.88,203.76,276.12
Midwest,Chicago,Beauty & Personal Care,Moisturizer,2025-12-01,19,18.99,7.76,360.81,147.44,213.37
Midwest,Chicago,Beauty & Personal Care,Perfume Set,2025-12-01,10,42.99,15.93,429.9,159.3,270.6
Midwest,Chicago,Electronics,Bluetooth Speaker,2025-12-01,32,44.99,27.1,1439.68,867.2,572.48
Midwest,Chicago,Electronics,Portable Charger,2025-12-01,26,34.99,22.25,909.74,578.5,331.24
Midwest,Chicago,Electronics,Smartwatch,2025-12-01,21,119.99,81.61,2519.79,1713.81,805.98
Midwest,Chicago,Electronics,Tablet Stand,2025-12-01,43,24.99,14.66,1074.57,630.38,444.19
Midwest,Chicago,Electronics,Wireless Earbuds,2025-12-01,43,59.99,39.13,2579.57,1682.59,896.98
Midwest,Chicago,Home & Kitchen,Coffee Maker,2025-12-01,16,49.99,36.51,799.84,584.16,215.68
Midwest,Chicago,Home & Kitchen,LED Desk Lamp,2025-12-01,16,27.99,19.78,447.84,316.48,131.36
Midwest,Chicago,Home & Kitchen,Non-Stick Pan Set,2025-12-01,8,64.99,46.14,519.92,369.12,150.8
Midwest,Chicago,Home & Kitchen,Storage Bins (Set of 3),2025-12-01,15,22.99,16.39,344.85,245.85,99.0
Midwest,Chicago,Home & Kitchen,Throw Blanket,2025-12-01,5,29.99,20.02,149.95,100.1,49.85
Midwest,Chicago,Sports & Outdoors,Camping Tent,2025-12-01,13,129.99,74.5,1689.87,968.5,721.37
Midwest,Chicago,Sports & Outdoors,Hiking Backpack,2025-12-01,14,74.99,42.1,1049.86,589.4,460.46
Midwest,Chicago,Sports & Outdoors,Resistance Bands,2025-12-01,12,19.99,9.46,239.88,113.52,126.36
Midwest,Chicago,Sports & Outdoors,Water Bottle,2025-12-01,19,16.99,8.41,322.81,159.79,163.02
Midwest,Chicago,Sports & Outdoors,Yoga Mat,2025-12-01,16,24.99,13.0,399.84,208.0,191.84
Northeast,Boston,Apparel,Denim Jacket,2025-12-01,31,69.99,33.75,2169.69,1046.25,1123.44
Northeast,Boston,Apparel,Men's T-Shirt,2025-12-01,18,19.99,8.93,359.82,160.74,199.08
Northeast,Boston,Apparel,Running Shoes,2025-12-01,12,79.99,39.63,959.88,475.56,484.32
Northeast,Boston,Apparel,Women's Leggings,2025-12-01,16,34.99,14.26,559.84,228.16,331.68
Northeast,Boston,Apparel,Wool Sweater,2025-12-01,30,54.99,23.6,1649.7,708.0,941.7
Northeast,Boston,Beauty & Personal Care,Electric Toothbrush,2025-12-01,20,44.99,19.89,899.8,397.8,502.0
Northeast,Boston,Beauty & Personal Care,Facial Cleanser,2025-12-01,19,14.99,5.61,284.81,106.59,178.22
Northeast,Boston,Beauty & Personal Care,Hair Dryer,2025-12-01,14,39.99,17.08,559.86,239.12,320.74
Northeast,Boston,Beauty & Personal Care,Moisturizer,2025-12-01,26,18.99,7.67,493.74,199.42,294.32
Northeast,Boston,Beauty & Personal Care,Perfume Set,2025-12-01,9,42.99,15.52,386.91,139.68,247.23
Northeast,Boston,Electronics,Bluetooth Speaker,2025-12-01,49,44.99,27.31,2204.51,1338.19,866.32
Northeast,Boston,Electronics,Portable Charger,2025-12-01,30,34.99,22.83,1049.7,684.9,364.8
Northeast,Boston,Electronics,Smartwatch,2025-12-01,83,119.99,83.85,9959.17,6959.55,2999.62
Northeast,Boston,Electronics,Tablet Stand,2025-12-01,32,24.99,15.39,799.68,492.48,307.2
Northeast,Boston,Electronics,Wireless Earbuds,2025-12-01,60,59.99,38.47,3599.4,2308.2,1291.2
Northeast,Boston,Home & Kitchen,Coffee Maker,2025-12-01,19,49.99,36.22,949.81,688.18,261.63
Northeast,Boston,Home & Kitchen,LED Desk Lamp,2025-12-01,19,27.99,19.92,531.81,378.48,153.33
Northeast,Boston,Home & Kitchen,Non-Stick Pan Set,2025-12-01,16,64.99,44.71,1039.84,715.36,324.48
Northeast,Boston,Home & Kitchen,Storage Bins (Set of 3),2025-12-01,19,22.99,16.9,436.81,321.1,115.71
Northeast,Boston,Home & Kitchen,Throw Blanket,2025-12-01,18,29.99,20.53,539.82,369.54,170.28
Northeast,Boston,Sports & Outdoors,Camping Tent,2025-12-01,28,129.99,75.46,3639.72,2112.88,1526.84
Northeast,Boston,Sports & Outdoors,Hiking Backpack,2025-12-01,24,74.99,40.13,1799.76,963.12,836.64
Northeast,Boston,Sports & Outdoors,Resistance Bands,2025-12-01,9,19.99,9.39,179.91,84.51,95.4
Northeast,Boston,Sports & Outdoors,Water Bottle,2025-12-01,24,16.99,8.53,407.76,204.72,203.04
Northeast,Boston,Sports & Outdoors,Yoga Mat,2025-12-01,18,24.99,13.15,449.82,236.7,213.12
Northeast,New York,Apparel,Denim Jacket,2025-12-01,9,69.99,33.35,629.91,300.15,329.76
Northeast,New York,Apparel,Men's T-Shirt,2025-12-01,11,19.99,9.11,219.89,100.21,119.68
Northeast,New York,Apparel,Running Shoes,2025-12-01,8,79.99,40.16,639.92,321.28,318.64
Northeast,New York,Apparel,Women's Leggings,2025-12-01,11,34.99,14.64,384.89,161.04,223.85
Northeast,New York,Apparel,Wool Sweater,2025-12-01,13,54.99,24.28,714.87,315.64,399.23
Northeast,New York,Beauty & Personal Care,Electric Toothbrush,2025-12-01,9,44.99,20.11,404.91,180.99,223.92
Northeast,New York,Beauty & Personal Care,Facial Cleanser,2025-12-01,8,14.99,5.65,119.92,45.2,74.72
Northeast,New York,Beauty & Personal Care,Hair Dryer,2025-12-01,11,39.99,16.5,439.89,181.5,258.39
Northeast,New York,Beauty & Personal Care,Moisturizer,2025-12-01,15,18.99,7.47,284.85,112.05,172.8
Northeast,New York,Beauty & Personal Care,Perfume Set,2025-12-01,11,42.99,15.62,472.89,171.82,301.07
Northeast,New York,Electronics,Bluetooth Speaker,2025-12-01,24,44.99,27.52,1079.76,660.48,419.28
Northeast,New York,Electronics,Portable Charger,2025-12-01,28,34.99,22.21,979.72,621.88,357.84
Northeast,New York,Electronics,Smartwatch,2025-12-01,32,119.99,82.27,3839.68,2632.64,1207.04
Northeast,New York,Electronics,Tablet Stand,2025-12-01,26,24.99,15.42,649.74,400.92,248.82
Northeast,New York,Electronics,Wireless Earbuds,2025-12-01,22,59.99,38.9,1319.78,855.8,463.98
Northeast,New York,Home & Kitchen,Coffee Maker,2025-12-01,16,49.99,36.31,799.84,580.96,218.88
Northeast,New York,Home & Kitchen,LED Desk Lamp,2025-12-01,12,27.99,19.66,335.88,235.92,99.96
Northeast,New York,Home & Kitchen,Non-Stick Pan Set,2025-12-01,16,64.99,46.7,1039.84,747.2,292.64
Northeast,New York,Home & Kitchen,Storage Bins (Set of 3),2025-12-01,7,22.99,16.66,160.93,116.62,44.31
Northeast,New York,Home & Kitchen,Throw Blanket,2025-12-01,16,29.99,19.84,479.84,317.44,162.4
Northeast,New York,Sports & Outdoors,Camping Tent,2025-12-01,15,129.99,75.34,1949.85,1130.1,819.75
Northeast,New York,Sports & Outdoors,Hiking Backpack,2025-12-01,13,74.99,41.98,974.87,545.74,429.13
Northeast,New York,Sports & Outdoors,Resistance Bands,2025-12-01,6,19.99,9.53,119.94,57.18,62.76
Northeast,New York,Sports & Outdoors,Water Bottle,2025-12-01,10,16.99,8.5,169.9,85.0,84.9
Northeast,New York,Sports & Outdoors,Yoga Mat,2025-12-01,11,24.99,13.01,274.89,143.11,131.78
Southeast,Atlanta,Apparel,Denim Jacket,2025-12-01,12,69.99,33.15,839.88,397.8,442.08
Southeast,Atlanta,Apparel,Men's T-Shirt,2025-12-01,9,19.99,9.05,179.91,81.45,98.46
Southeast,Atlanta,Apparel,Running Shoes,2025-12-01,11,79.99,39.18,879.89,430.98,448.91
Southeast,Atlanta,Apparel,Women's Leggings,2025-12-01,16,34.99,14.26,559.84,228.16,331.68
Southeast,Atlanta,Apparel,Wool Sweater,2025-12-01,17,54.99,24.28,934.83,412.76,522.07
Southeast,Atlanta,Beauty & Personal Care,Electric Toothbrush,2025-12-01,10,44.99,20.27,449.9,202.7,247.2
Southeast,Atlanta,Beauty & Personal Care,Facial Cleanser,2025-12-01,12,14.99,5.71,179.88,68.52,111.36
Southeast,Atlanta,Beauty & Personal Care,Hair Dryer,2025-12-01,16,39.99,16.51,639.84,264.16,375.68
Southeast,Atlanta,Beauty & Personal Care,Moisturizer,2025-12-01,14,18.99,7.51,265.86,105.14,160.72
Southeast,Atlanta,Beauty & Personal Care,Perfume Set,2025-12-01,7,42.99,15.6,300.93,109.2,191.73
Southeast,Atlanta,Electronics,Bluetooth Speaker,2025-12-01,43,44.99,28.19,1934.57,1212.17,722.4
Southeast,Atlanta,Electronics,Portable Charger,2025-12-01,45,34.99,21.76,1574.55,979.2,595.35
Southeast,Atlanta,Electronics,Smartwatch,2025-12-01,59,119.99,79.75,7079.41,4705.25,2374.16
Southeast,Atlanta,Electronics,Tablet Stand,2025-12-01,51,24.99,14.69,1274.49,749.19,525.3
Southeast,Atlanta,Electronics,Wireless Earbuds,2025-12-01,42,59.99,38.11,2519.58,1600.62,918.96
Southeast,Atlanta,Home & Kitchen,Coffee Maker,2025-12-01,10,49.99,36.04,499.9,360.4,139.5
Southeast,Atlanta,Home & Kitchen,LED Desk Lamp,2025-12-01,15,27.99,20.46,419.85,306.9,112.95
Southeast,Atlanta,Home & Kitchen,Non-Stick Pan Set,2025-12-01,14,64.99,45.03,909.86,630.42,279.44
Southeast,Atlanta,Home & Kitchen,Storage Bins (Set of 3),2025-12-01,6,22.99,16.46,137.94,98.76,39.18
Southeast,Atlanta,Home & Kitchen,Throw Blanket,2025-12-01,12,29.99,20.27,359.88,243.24,116.64
Southeast,Atlanta,Sports & Outdoors,Camping Tent,2025-12-01,20,129.99,76.65,2599.8,1533.0,1066.8
Southeast,Atlanta,Sports & Outdoors,Hiking Backpack,2025-12-01,11,74.99,40.48,824.89,445.28,379.61
Southeast,Atlanta,Sports & Outdoors,Resistance Bands,2025-12-01,13,19.99,9.32,259.87,121.16,138.71
Southeast,Atlanta,Sports & Outdoors,Water Bottle,2025-12-01,15,16.99,8.4,254.85,126.0,128.85
Southeast,Atlanta,Sports & Outdoors,Yoga Mat,2025-12-01,15,24.99,12.99,374.85,194.85,180.0
Southeast,Miami,Apparel,Denim Jacket,2025-12-01,24,69.99,34.22,1679.76,821.28,858.48
Southeast,Miami,Apparel,Men's T-Shirt,2025-12-01,15,19.99,9.16,299.85,137.4,162.45
Southeast,Miami,Apparel,Running Shoes,2025-12-01,21,79.99,38.98,1679.79,818.58,861.21
Southeast,Miami,Apparel,Women's Leggings,2025-12-01,15,34.99,14.98,524.85,224.7,300.15
Southeast,Miami,Apparel,Wool Sweater,2025-12-01,12,54.99,23.85,659.88,286.2,373.68
Southeast,Miami,Beauty & Personal Care,Electric Toothbrush,2025-12-01,17,44.99,20.74,764.83,352.58,412.25
Southeast,Miami,Beauty & Personal Care,Facial Cleanser,2025-12-01,17,14.99,5.56,254.83,94.52,160.31
Southeast,Miami,Beauty & Personal Care,Hair Dryer,2025-12-01,17,39.99,16.83,679.83,286.11,393.72
Southeast,Miami,Beauty & Personal Care,Moisturizer,2025-12-01,20,18.99,7.53,379.8,150.6,229.2
Southeast,Miami,Beauty & Personal Care,Perfume Set,2025-12-01,17,42.99,16.1,730.83,273.7,457.13
Southeast,Miami,Electronics,Bluetooth Speaker,2025-12-01,51,44.99,27.86,2294.49,1420.86,873.63
Southeast,Miami,Electronics,Portable Charger,2025-12-01,39,34.99,21.96,1364.61,856.44,508.17
Southeast,Miami,Electronics,Smartwatch,2025-12-01,28,119.99,83.75,3359.72,2345.0,1014.72
Southeast,Miami,Electronics,Tablet Stand,2025-12-01,48,24.99,14.91,1199.52,715.68,483.84
Southeast,Miami,Electronics,Wireless Earbuds,2025-12-01,32,59.99,39.73,1919.68,1271.36,648.32
Southeast,Miami,Home & Kitchen,Coffee Maker,2025-12-01,12,49.99,36.92,599.88,443.04,156.84
Southeast,Miami,Home & Kitchen,LED Desk Lamp,2025-12-01,17,27.99,19.48,475.83,331.16,144.67
Southeast,Miami,Home & Kitchen,Non-Stick Pan Set,2025-12-01,18,64.99,44.82,1169.82,806.76,363.06
Southeast,Miami,Home & Kitchen,Storage Bins (Set of 3),2025-12-01,22,22.99,16.31,505.78,358.82,146.96
Southeast,Miami,Home & Kitchen,Throw Blanket,2025-12-01,15,29.99,20.47,449.85,307.05,142.8
Southeast,Miami,Sports & Outdoors,Camping Tent,2025-12-01,14,129.99,74.36,1819.86,1041.04,778.82
Southeast,Miami,Sports & Outdoors,Hiking Backpack,2025-12-01,17,74.99,41.42,1274.83,704.14,570.69
Southeast,Miami,Sports & Outdoors,Resistance Bands,2025-12-01,17,19.99,9.75,339.83,165.75,174.08
Southeast,Miami,Sports & Outdoors,Water Bottle,2025-12-01,8,16.99,8.52,135.92,68.16,67.76
Southeast,Miami,Sports & Outdoors,Yoga Mat,2025-12-01,18,24.99,12.73,449.82,229.14,220.68
Southwest,Dallas,Apparel,Denim Jacket,2025-12-01,17,69.99,32.94,1189.83,559.98,629.85
Southwest,Dallas,Apparel,Men's T-Shirt,2025-12-01,8,19.99,8.99,159.92,71.92,88.0
Southwest,Dallas,Apparel,Running Shoes,2025-12-01,7,79.99,39.78,559.93,278.46,281.47
Southwest,Dallas,Apparel,Women's Leggings,2025-12-01,10,34.99,14.54,349.9,145.4,204.5
Southwest,Dallas,Apparel,Wool Sweater,2025-12-01,16,54.99,23.73,879.84,379.68,500.16
Southwest,Dallas,Beauty & Personal Care,Electric Toothbrush,2025-12-01,10,44.99,20.18,449.9,201.8,248.1
Southwest,Dallas,Beauty & Personal Care,Facial Cleanser,2025-12-01,13,14.99,5.79,194.87,75.27,119.6
Southwest,Dallas,Beauty & Personal Care,Hair Dryer,2025-12-01,11,39.99,16.54,439.89,181.94,257.95
Southwest,Dallas,Beauty & Personal Care,Moisturizer,2025-12-01,15,18.99,7.7,284.85,115.5,169.35
Southwest,Dallas,Beauty & Personal Care,Perfume Set,2025-12-01,10,42.99,15.94,429.9,159.4,270.5
Southwest,Dallas,Electronics,Bluetooth Speaker,2025-12-01,22,44.99,28.54,989.78,627.88,361.9
Southwest,Dallas,Electronics,Portable Charger,2025-12-01,31,34.99,22.2,1084.69,688.2,396.49
Southwest,Dallas,Electronics,Smartwatch,2025-12-01,40,119.99,80.53,4799.6,3221.2,1578.4
Southwest,Dallas,Electronics,Tablet Stand,2025-12-01,38,24.99,14.94,949.62,567.72,381.9
Southwest,Dallas,Electronics,Wireless Earbuds,2025-12-01,34,59.99,39.93,2039.66,1357.62,682.04
Southwest,Dallas,Home & Kitchen,Coffee Maker,2025-12-01,13,49.99,36.67,649.87,476.71,173.16
Southwest,Dallas,Home & Kitchen,LED Desk Lamp,2025-12-01,22,27.99,20.38,615.78,448.36,167.42
Southwest,Dallas,Home & Kitchen,Non-Stick Pan Set,2025-12-01,14,64.99,46.07,909.86,644.98,264.88
Southwest,Dallas,Home & Kitchen,Storage Bins (Set of 3),2025-12-01,14,22.99,17.21,321.86,240.94,80.92
Southwest,Dallas,Home & Kitchen,Throw Blanket,2025-12-01,10,29.99,19.81,299.9,198.1,101.8
Southwest,Dallas,Sports & Outdoors,Camping Tent,2025-12-01,5,129.99,75.18,649.95,375.9,274.05
Southwest,Dallas,Sports & Outdoors,Hiking Backpack,2025-12-01,5,74.99,41.26,374.95,206.3,168.65
Southwest,Dallas,Sports & Outdoors,Resistance Bands,2025-12-01,7,19.99,9.37,139.93,65.59,74.34
Southwest,Dallas,Sports & Outdoors,Water Bottle,2025-12-01,3,16.99,8.32,50.97,24.96,26.01
Southwest,Dallas,Sports & Outdoors,Yoga Mat,2025-12-01,4,24.99,13.33,99.96,53.32,46.64
West,Los Angeles,Apparel,Denim Jacket,2025-12-01,17,69.99,33.8,1189.83,574.6,615.23
West,Los Angeles,Apparel,Men's T-Shirt,2025-12-01,18,19.99,9.03,359.82,162.54,197.28
West,Los Angeles,Apparel,Running Shoes,2025-12-01,15,79.99,38.83,1199.85,582.45,617.4
West,Los Angeles,Apparel,Women's Leggings,2025-12-01,14,34.99,14.96,489.86,209.44,280.42
West,Los Angeles,Apparel,Wool Sweater,2025-12-01,15,54.99,24.24,824.85,363.6,461.25
West,Los Angeles,Beauty & Personal Care,Electric Toothbrush,2025-12-01,13,44.99,20.68,584.87,268.84,316.03
West,Los Angeles,Beauty & Personal Care,Facial Cleanser,2025-12-01,21,14.99,5.55,314.79,116.55,198.24
West,Los Angeles,Beauty & Personal Care,Hair Dryer,2025-12-01,16,39.99,17.14,639.84,274.24,365.6
West,Los Angeles,Beauty & Personal Care,Moisturizer,2025-12-01,21,18.99,7.64,398.79,160.44,238.35
West,Los Angeles,Beauty & Personal Care,Perfume Set,2025-12-01,21,42.99,16.19,902.79,339.99,562.8
West,Los Angeles,Electronics,Bluetooth Speaker,2025-12-01,37,44.99,27.9,1664.63,1032.3,632.33
West,Los Angeles,Electronics,Portable Charger,2025-12-01,34,34.99,22.24,1189.66,756.16,433.5
West,Los Angeles,Electronics,Smartwatch,2025-12-01,40,119.99,81.05,4799.6,3242.0,1557.6
West,Los Angeles,Electronics,Tablet Stand,2025-12-01,50,24.99,14.88,1249.5,744.0,505.5
West,Los Angeles,Electronics,Wireless Earbuds,2025-12-01,48,59.99,39.9,2879.52,1915.2,964.32
West,Los Angeles,Home & Kitchen,Coffee Maker,2025-12-01,14,49.99,35.51,699.86,497.14,202.72
West,Los Angeles,Home & Kitchen,LED Desk Lamp,2025-12-01,18,27.99,19.68,503.82,354.24,149.58
West,Los Angeles,Home & Kitchen,Non-Stick Pan Set,2025-12-01,13,64.99,46.13,844.87,599.69,245.18
West,Los Angeles,Home & Kitchen,Storage Bins (Set of 3),2025-12-01,19,22.99,17.22,436.81,327.18,109.63
West,Los Angeles,Home & Kitchen,Throw Blanket,2025-12-01,17,29.99,20.73,509.83,352.41,157.42
West,Los Angeles,Sports & Outdoors,Camping Tent,2025-12-01,16,129.99,77.17,2079.84,1234.72,845.12
West,Los Angeles,Sports & Outdoors,Hiking Backpack,2025-12-01,10,74.99,40.08,749.9,400.8,349.1
West,Los Angeles,Sports & Outdoors,Resistance Bands,2025-12-01,13,19.99,9.82,259.87,127.66,132.21
West,Los Angeles,Sports & Outdoors,Water Bottle,2025-12-01,14,16.99,8.44,237.86,118.16,119.7
West,Los Angeles,Sports & Outdoors,Yoga Mat,2025-12-01,25,24.99,13.38,624.75,334.5,290.25
West,Seattle,Apparel,Denim Jacket,2025-12-01,20,69.99,34.44,1399.8,688.8,711.0
West,Seattle,Apparel,Men's T-Shirt,2025-12-01,22,19.99,8.74,439.78,192.28,247.5
West,Seattle,Apparel,Running Shoes,2025-12-01,10,79.99,38.86,799.9,388.6,411.3
West,Seattle,Apparel,Women's Leggings,2025-12-01,14,34.99,14.63,489.86,204.82,285.04
West,Seattle,Apparel,Wool Sweater,2025-12-01,20,54.99,23.88,1099.8,477.6,622.2
West,Seattle,Beauty & Personal Care,Electric Toothbrush,2025-12-01,20,44.99,20.05,899.8,401.0,498.8
West,Seattle,Beauty & Personal Care,Facial Cleanser,2025-12-01,20,14.99,5.69,299.8,113.8,186.0
West,Seattle,Beauty & Personal Care,Hair Dryer,2025-12-01,17,39.99,16.92,679.83,287.64,392.19
West,Seattle,Beauty & Personal Care,Moisturizer,2025-12-01,14,18.99,7.78,265.86,108.92,156.94
West,Seattle,Beauty & Personal Care,Perfume Set,2025-12-01,14,42.99,15.77,601.86,220.78,381.08
West,Seattle,Electronics,Bluetooth Speaker,2025-12-01,41,44.99,28.68,1844.59,1175.88,668.71
West,Seattle,Electronics,Portable Charger,2025-12-01,68,34.99,22.04,2379.32,1498.72,880.6
West,Seattle,Electronics,Smartwatch,2025-12-01,35,119.99,81.46,4199.65,2851.1,1348.55
West,Seattle,Electronics,Tablet Stand,2025-12-01,66,24.99,14.8,1649.34,976.8,672.54
West,Seattle,Electronics,Wireless Earbuds,2025-12-01,54,59.99,39.81,3239.46,2149.74,1089.72
West,Seattle,Home & Kitchen,Coffee Maker,2025-12-01,17,49.99,35.26,849.83,599.42,250.41
West,Seattle,Home & Kitchen,LED Desk Lamp,2025-12-01,22,27.99,20.14,615.78,443.08,172.7
West,Seattle,Home & Kitchen,Non-Stick Pan Set,2025-12-01,15,64.99,44.27,974.85,664.05,310.8
West,Seattle,Home & Kitchen,Storage Bins (Set of 3),2025-12-01,21,22.99,17.05,482.79,358.05,124.74
West,Seattle,Home & Kitchen,Throw Blanket,2025-12-01,17,29.99,20.79,509.83,353.43,156.4
West,Seattle,Sports & Outdoors,Camping Tent,2025-12-01,11,129.99,76.99,1429.89,846.89,583.0
West,Seattle,Sports & Outdoors,Hiking Backpack,2025-12-01,12,74.99,42.45,899.88,509.4,390.48
West,Seattle,Sports & Outdoors,Resistance Bands,2025-12-01,19,19.99,9.79,379.81,186.01,193.8
West,Seattle,Sports & Outdoors,Water Bottle,2025-12-01,12,16.99,8.67,203.88,104.04,99.84
West,Seattle,Sports & Outdoors,Yoga Mat,2025-12-01,17,24.99,13.3,424.83,226.1,198.73
Midwest,Chicago,Apparel,Denim Jacket,2026-01-01,17,69.99,33.43,1189.83,568.31,621.52
Midwest,Chicago,Apparel,Men's T-Shirt,2026-01-01,16,19.99,8.82,319.84,141.12,178.72
Midwest,Chicago,Apparel,Running Shoes,2026-01-01,16,79.99,39.13,1279.84,626.08,653.76
Midwest,Chicago,Apparel,Women's Leggings,2026-01-01,16,34.99,14.26,559.84,228.16,331.68
Midwest,Chicago,Apparel,Wool Sweater,2026-01-01,15,54.99,24.67,824.85,370.05,454.8
Midwest,Chicago,Beauty & Personal Care,Electric Toothbrush,2026-01-01,13,44.99,20.15,584.87,261.95,322.92
Midwest,Chicago,Beauty & Personal Care,Facial Cleanser,2026-01-01,9,14.99,5.6,134.91,50.4,84.51
Midwest,Chicago,Beauty & Personal Care,Hair Dryer,2026-01-01,15,39.99,16.45,599.85,246.75,353.1
Midwest,Chicago,Beauty & Personal Care,Moisturizer,2026-01-01,14,18.99,7.45,265.86,104.3,161.56
Midwest,Chicago,Beauty & Personal Care,Perfume Set,2026-01-01,16,42.99,15.44,687.84,247.04,440.8
Midwest,Chicago,Electronics,Bluetooth Speaker,2026-01-01,14,44.99,27.81,629.86,389.34,240.52
Midwest,Chicago,Electronics,Portable Charger,2026-01-01,16,34.99,21.87,559.84,349.92,209.92
Midwest,Chicago,Electronics,Smartwatch,2026-01-01,16,119.99,81.14,1919.84,1298.24,621.6
Midwest,Chicago,Electronics,Tablet Stand,2026-01-01,13,24.99,14.8,324.87,192.4,132.47
Midwest,Chicago,Electronics,Wireless Earbuds,2026-01-01,17,59.99,39.89,1019.83,678.13,341.7
Midwest,Chicago,Home & Kitchen,Coffee Maker,2026-01-01,15,49.99,36.55,749.85,548.25,201.6
Midwest,Chicago,Home & Kitchen,LED Desk Lamp,2026-01-01,26,27.99,19.85,727.74,516.1,211.64
Midwest,Chicago,Home & Kitchen,Non-Stick Pan Set,2026-01-01,19,64.99,45.57,1234.81,865.83,368.98
Midwest,Chicago,Home & Kitchen,Storage Bins (Set of 3),2026-01-01,14,22.99,16.98,321.86,237.72,84.14
Midwest,Chicago,Home & Kitchen,Throw Blanket,2026-01-01,20,29.99,20.1,599.8,402.0,197.8
Midwest,Chicago,Sports & Outdoors,Camping Tent,2026-01-01,14,129.99,76.9,1819.86,1076.6,743.26
Midwest,Chicago,Sports & Outdoors,Hiking Backpack,2026-01-01,12,74.99,40.89,899.88,490.68,409.2
Midwest,Chicago,Sports & Outdoors,Resistance Bands,2026-01-01,12,19.99,9.54,239.88,114.48,125.4
Midwest,Chicago,Sports & Outdoors,Water Bottle,2026-01-01,12,16.99,8.52,203.88,102.24,101.64
Midwest,Chicago,Sports & Outdoors,Yoga Mat,2026-01-01,15,24.99,13.28,374.85,199.2,175.65
Northeast,Boston,Apparel,Denim Jacket,2026-01-01,14,69.99,32.72,979.86,458.08,521.78
Northeast,Boston,Apparel,Men's T-Shirt,2026-01-01,17,19.99,9.11,339.83,154.87,184.96
Northeast,Boston,Apparel,Running Shoes,2026-01-01,14,79.99,40.84,1119.86,571.76,548.1
Northeast,Boston,Apparel,Women's Leggings,2026-01-01,19,34.99,14.78,664.81,280.82,383.99
Northeast,Boston,Apparel,Wool Sweater,2026-01-01,10,54.99,24.89,549.9,248.9,301.0
Northeast,Boston,Beauty & Personal Care,Electric Toothbrush,2026-01-01,14,44.99,19.83,629.86,277.62,352.24
Northeast,Boston,Beauty & Personal Care,Facial Cleanser,2026-01-01,12,14.99,5.53,179.88,66.36,113.52
Northeast,Boston,Beauty & Personal Care,Hair Dryer,2026-01-01,19,39.99,17.24,759.81,327.56,432.25
Northeast,Boston,Beauty & Personal Care,Moisturizer,2026-01-01,20,18.99,7.78,379.8,155.6,224.2
Northeast,Boston,Beauty & Personal Care,Perfume Set,2026-01-01,14,42.99,16.23,601.86,227.22,374.64
Northeast,Boston,Electronics,Bluetooth Speaker,2026-01-01,20,44.99,27.9,899.8,558.0,341.8
Northeast,Boston,Electronics,Portable Charger,2026-01-01,15,34.99,22.86,524.85,342.9,181.95
Northeast,Boston,Electronics,Smartwatch,2026-01-01,15,119.99,81.25,1799.85,1218.75,581.1
Northeast,Boston,Electronics,Tablet Stand,2026-01-01,22,24.99,15.14,549.78,333.08,216.7
Northeast,Boston,Electronics,Wireless Earbuds,2026-01-01,12,59.99,39.63,719.88,475.56,244.32
Northeast,Boston,Home & Kitchen,Coffee Maker,2026-01-01,11,49.99,35.77,549.89,393.47,156.42
Northeast,Boston,Home & Kitchen,LED Desk Lamp,2026-01-01,19,27.99,19.65,531.81,373.35,158.46
Northeast,Boston,Home & Kitchen,Non-Stick Pan Set,2026-01-01,16,64.99,45.11,1039.84,721.76,318.08
Northeast,Boston,Home & Kitchen,Storage Bins (Set of 3),2026-01-01,14,22.99,17.18,321.86,240.52,81.34
Northeast,Boston,Home & Kitchen,Throw Blanket,2026-01-01,30,29.99,20.84,899.7,625.2,274.5
Northeast,Boston,Sports & Outdoors,Camping Tent,2026-01-01,24,129.99,77.29,3119.76,1854.96,1264.8
Northeast,Boston,Sports & Outdoors,Hiking Backpack,2026-01-01,31,74.99,40.95,2324.69,1269.45,1055.24
Northeast,Boston,Sports & Outdoors,Resistance Bands,2026-01-01,21,19.99,9.7,419.79,203.7,216.09
Northeast,Boston,Sports & Outdoors,Water Bottle,2026-01-01,19,16.99,8.7,322.81,165.3,157.51
Northeast,Boston,Sports & Outdoors,Yoga Mat,2026-01-01,14,24.99,12.82,349.86,179.48,170.38
Northeast,New York,Apparel,Denim Jacket,2026-01-01,7,69.99,34.41,489.93,240.87,249.06
Northeast,New York,Apparel,Men's T-Shirt,2026-01-01,7,19.99,9.26,139.93,64.82,75.11
Northeast,New York,Apparel,Running Shoes,2026-01-01,11,79.99,39.97,879.89,439.67,440.22
Northeast,New York,Apparel,Women's Leggings,2026-01-01,11,34.99,14.81,384.89,162.91,221.98
Northeast,New York,Apparel,Wool Sweater,2026-01-01,16,54.99,23.93,879.84,382.88,496.96
Northeast,New York,Beauty & Personal Care,Electric Toothbrush,2026-01-01,5,44.99,20.72,224.95,103.6,121.35
Northeast,New York,Beauty & Personal Care,Facial Cleanser,2026-01-01,9,14.99,5.7,134.91,51.3,83.61
Northeast,New York,Beauty & Personal Care,Hair Dryer,2026-01-01,13,39.99,17.16,519.87,223.08,296.79
Northeast,New York,Beauty & Personal Care,Moisturizer,2026-01-01,13,18.99,7.54,246.87,98.02,148.85
Northeast,New York,Beauty & Personal Care,Perfume Set,2026-01-01,16,42.99,16.3,687.84,260.8,427.04
Northeast,New York,Electronics,Bluetooth Speaker,2026-01-01,18,44.99,27.48,809.82,494.64,315.18
Northeast,New York,Electronics,Portable Charger,2026-01-01,7,34.99,22.82,244.93,159.74,85.19
Northeast,New York,Electronics,Smartwatch,2026-01-01,11,119.99,80.95,1319.89,890.45,429.44
Northeast,New York,Electronics,Tablet Stand,2026-01-01,13,24.99,15.07,324.87,195.91,128.96
Northeast,New York,Electronics,Wireless Earbuds,2026-01-01,16,59.99,38.21,959.84,611.36,348.48
Northeast,New York,Home & Kitchen,Coffee Maker,2026-01-01,15,49.99,36.93,749.85,553.95,195.9
Northeast,New York,Home & Kitchen,LED Desk Lamp,2026-01-01,16,27.99,20.07,447.84,321.12,126.72
Northeast,New York,Home & Kitchen,Non-Stick Pan Set,2026-01-01,12,64.99,44.45,779.88,533.4,246.48
Northeast,New York,Home & Kitchen,Storage Bins (Set of 3),2026-01-01,9,22.99,16.87,206.91,151.83,55.08
Northeast,New York,Home & Kitchen,Throw Blanket,2026-01-01,11,29.99,19.79,329.89,217.69,112.2
Northeast,New York,Sports & Outdoors,Camping Tent,2026-01-01,16,129.99,74.89,2079.84,1198.24,881.6
Northeast,New York,Sports & Outdoors,Hiking Backpack,2026-01-01,10,74.99,40.63,749.9,406.3,343.6
Northeast,New York,Sports & Outdoors,Resistance Bands,2026-01-01,10,19.99,9.32,199.9,93.2,106.7
Northeast,New York,Sports & Outdoors,Water Bottle,2026-01-01,9,16.99,8.3,152.91,74.7,78.21
Northeast,New York,Sports & Outdoors,Yoga Mat,2026-01-01,6,24.99,13.21,149.94,79.26,70.68
Southeast,Atlanta,Apparel,Denim Jacket,2026-01-01,12,69.99,34.47,839.88,413.64,426.24
Southeast,Atlanta,Apparel,Men's T-Shirt,2026-01-01,14,19.99,9.05,279.86,126.7,153.16
Southeast,Atlanta,Apparel,Running Shoes,2026-01-01,11,79.99,39.93,879.89,439.23,440.66
Southeast,Atlanta,Apparel,Women's Leggings,2026-01-01,15,34.99,15.01,524.85,225.15,299.7
Southeast,Atlanta,Apparel,Wool Sweater,2026-01-01,14,54.99,24.38,769.86,341.32,428.54
Southeast,Atlanta,Beauty & Personal Care,Electric Toothbrush,2026-01-01,6,44.99,20.31,269.94,121.86,148.08
Southeast,Atlanta,Beauty & Personal Care,Facial Cleanser,2026-01-01,14,14.99,5.55,209.86,77.7,132.16
Southeast,Atlanta,Beauty & Personal Care,Hair Dryer,2026-01-01,11,39.99,16.34,439.89,179.74,260.15
Southeast,Atlanta,Beauty & Personal Care,Moisturizer,2026-01-01,13,18.99,7.64,246.87,99.32,147.55
Southeast,Atlanta,Beauty & Personal Care,Perfume Set,2026-01-01,15,42.99,16.34,644.85,245.1,399.75
Southeast,Atlanta,Electronics,Bluetooth Speaker,2026-01-01,15,44.99,28.13,674.85,421.95,252.9
Southeast,Atlanta,Electronics,Portable Charger,2026-01-01,13,34.99,22.69,454.87,294.97,159.9
Southeast,Atlanta,Electronics,Smartwatch,2026-01-01,16,119.99,82.85,1919.84,1325.6,594.24
Southeast,Atlanta,Electronics,Tablet Stand,2026-01-01,8,24.99,14.62,199.92,116.96,82.96
Southeast,Atlanta,Electronics,Wireless Earbuds,2026-01-01,9,59.99,40.1,539.91,360.9,179.01
Southeast,Atlanta,Home & Kitchen,Coffee Maker,2026-01-01,6,49.99,36.48,299.94,218.88,81.06
Southeast,Atlanta,Home & Kitchen,LED Desk Lamp,2026-01-01,13,27.99,19.63,363.87,255.19,108.68
Southeast,Atlanta,Home & Kitchen,Non-Stick Pan Set,2026-01-01,16,64.99,45.21,1039.84,723.36,316.48
Southeast,Atlanta,Home & Kitchen,Storage Bins (Set of 3),2026-01-01,15,22.99,16.98,344.85,254.7,90.15
Southeast,Atlanta,Home & Kitchen,Throw Blanket,2026-01-01,14,29.99,20.79,419.86,291.06,128.8
Southeast,Atlanta,Sports & Outdoors,Camping Tent,2026-01-01,15,129.99,76.65,1949.85,1149.75,800.1
Southeast,Atlanta,Sports & Outdoors,Hiking Backpack,2026-01-01,17,74.99,40.86,1274.83,694.62,580.21
Southeast,Atlanta,Sports & Outdoors,Resistance Bands,2026-01-01,11,19.99,9.5,219.89,104.5,115.39
Southeast,Atlanta,Sports & Outdoors,Water Bottle,2026-01-01,8,16.99,8.49,135.92,67.92,68.0
Southeast,Atlanta,Sports & Outdoors,Yoga Mat,2026-01-01,17,24.99,13.01,424.83,221.17,203.66
Southeast,Miami,Apparel,Denim Jacket,2026-01-01,12,69.99,32.67,839.88,392.04,447.84
Southeast,Miami,Apparel,Men's T-Shirt,2026-01-01,19,19.99,8.77,379.81,166.63,213.18
Southeast,Miami,Apparel,Running Shoes,2026-01-01,12,79.99,39.98,959.88,479.76,480.12
Southeast,Miami,Apparel,Women's Leggings,2026-01-01,11,34.99,14.49,384.89,159.39,225.5
Southeast,Miami,Apparel,Wool Sweater,2026-01-01,17,54.99,24.57,934.83,417.69,517.14
Southeast,Miami,Beauty & Personal Care,Electric Toothbrush,2026-01-01,8,44.99,19.76,359.92,158.08,201.84
Southeast,Miami,Beauty & Personal Care,Facial Cleanser,2026-01-01,15,14.99,5.53,224.85,82.95,141.9
Southeast,Miami,Beauty & Personal Care,Hair Dryer,2026-01-01,19,39.99,17.25,759.81,327.75,432.06
Southeast,Miami,Beauty & Personal Care,Moisturizer,2026-01-01,23,18.99,7.5,436.77,172.5,264.27
Southeast,Miami,Beauty & Personal Care,Perfume Set,2026-01-01,28,42.99,15.67,1203.72,438.76,764.96
Southeast,Miami,Electronics,Bluetooth Speaker,2026-01-01,10,44.99,28.04,449.9,280.4,169.5
Southeast,Miami,Electronics,Portable Charger,2026-01-01,14,34.99,22.52,489.86,315.28,174.58
Southeast,Miami,Electronics,Smartwatch,2026-01-01,12,119.99,79.64,1439.88,955.68,484.2
Southeast,Miami,Electronics,Tablet Stand,2026-01-01,10,24.99,15.24,249.9,152.4,97.5
Southeast,Miami,Electronics,Wireless Earbuds,2026-01-01,15,59.99,40.08,899.85,601.2,298.65
Southeast,Miami,Home & Kitchen,Coffee Maker,2026-01-01,11,49.99,36.47,549.89,401.17,148.72
Southeast,Miami,Home & Kitchen,LED Desk Lamp,2026-01-01,17,27.99,20.28,475.83,344.76,131.07
Southeast,Miami,Home & Kitchen,Non-Stick Pan Set,2026-01-01,13,64.99,45.43,844.87,590.59,254.28
Southeast,Miami,Home & Kitchen,Storage Bins (Set of 3),2026-01-01,10,22.99,17.27,229.9,172.7,57.2
Southeast,Miami,Home & Kitchen,Throw Blanket,2026-01-01,19,29.99,20.36,569.81,386.84,182.97
Southeast,Miami,Sports & Outdoors,Camping Tent,2026-01-01,17,129.99,76.46,2209.83,1299.82,910.01
Southeast,Miami,Sports & Outdoors,Hiking Backpack,2026-01-01,15,74.99,40.74,1124.85,611.1,513.75
Southeast,Miami,Sports & Outdoors,Resistance Bands,2026-01-01,15,19.99,9.64,299.85,144.6,155.25
Southeast,Miami,Sports & Outdoors,Water Bottle,2026-01-01,10,16.99,8.42,169.9,84.2,85.7
Southeast,Miami,Sports & Outdoors,Yoga Mat,2026-01-01,14,24.99,13.23,349.86,185.22,164.64
Southwest,Dallas,Apparel,Denim Jacket,2026-01-01,13,69.99,33.17,909.87,431.21,478.66
Southwest,Dallas,Apparel,Men's T-Shirt,2026-01-01,15,19.99,8.76,299.85,131.4,168.45
Southwest,Dallas,Apparel,Running Shoes,2026-01-01,14,79.99,41.17,1119.86,576.38,543.48
Southwest,Dallas,Apparel,Women's Leggings,2026-01-01,13,34.99,14.83,454.87,192.79,262.08
Southwest,Dallas,Apparel,Wool Sweater,2026-01-01,11,54.99,24.28,604.89,267.08,337.81
Southwest,Dallas,Beauty & Personal Care,Electric Toothbrush,2026-01-01,17,44.99,20.22,764.83,343.74,421.09
Southwest,Dallas,Beauty & Personal Care,Facial Cleanser,2026-01-01,18,14.99,5.85,269.82,105.3,164.52
Southwest,Dallas,Beauty & Personal Care,Hair Dryer,2026-01-01,14,39.99,17.22,559.86,241.08,318.78
Southwest,Dallas,Beauty & Personal Care,Moisturizer,2026-01-01,10,18.99,7.38,189.9,73.8,116.1
Southwest,Dallas,Beauty & Personal Care,Perfume Set,2026-01-01,12,42.99,16.01,515.88,192.12,323.76
Southwest,Dallas,Electronics,Bluetooth Speaker,2026-01-01,13,44.99,28.46,584.87,369.98,214.89
Southwest,Dallas,Electronics,Portable Charger,2026-01-01,17,34.99,22.18,594.83,377.06,217.77
Southwest,Dallas,Electronics,Smartwatch,2026-01-01,12,119.99,82.55,1439.88,990.6,449.28
Southwest,Dallas,Electronics,Tablet Stand,2026-01-01,19,24.99,15.18,474.81,288.42,186.39
Southwest,Dallas,Electronics,Wireless Earbuds,2026-01-01,11,59.99,39.46,659.89,434.06,225.83
Southwest,Dallas,Home & Kitchen,Coffee Maker,2026-01-01,13,49.99,35.45,649.87,460.85,189.02
Southwest,Dallas,Home & Kitchen,LED Desk Lamp,2026-01-01,9,27.99,20.21,251.91,181.89,70.02
Southwest,Dallas,Home & Kitchen,Non-Stick Pan Set,2026-01-01,8,64.99,46.18,519.92,369.44,150.48
Southwest,Dallas,Home & Kitchen,Storage Bins (Set of 3),2026-01-01,11,22.99,16.79,252.89,184.69,68.2
Southwest,Dallas,Home & Kitchen,Throw Blanket,2026-01-01,14,29.99,20.69,419.86,289.66,130.2
Southwest,Dallas,Sports & Outdoors,Camping Tent,2026-01-01,4,129.99,75.95,519.96,303.8,216.16
Southwest,Dallas,Sports & Outdoors,Hiking Backpack,2026-01-01,4,74.99,40.02,299.96,160.08,139.88
Southwest,Dallas,Sports & Outdoors,Resistance Bands,2026-01-01,4,19.99,9.71,79.96,38.84,41.12
Southwest,Dallas,Sports & Outdoors,Water Bottle,2026-01-01,7,16.99,8.25,118.93,57.75,61.18
Southwest,Dallas,Sports & Outdoors,Yoga Mat,2026-01-01,3,24.99,12.61,74.97,37.83,37.14
West,Los Angeles,Apparel,Denim Jacket,2026-01-01,13,69.99,33.84,909.87,439.92,469.95
West,Los Angeles,Apparel,Men's T-Shirt,2026-01-01,16,19.99,9.2,319.84,147.2,172.64
West,Los Angeles,Apparel,Running Shoes,2026-01-01,16,79.99,40.22,1279.84,643.52,636.32
West,Los Angeles,Apparel,Women's Leggings,2026-01-01,17,34.99,14.55,594.83,247.35,347.48
West,Los Angeles,Apparel,Wool Sweater,2026-01-01,18,54.99,23.56,989.82,424.08,565.74
West,Los Angeles,Beauty & Personal Care,Electric Toothbrush,2026-01-01,16,44.99,19.77,719.84,316.32,403.52
West,Los Angeles,Beauty & Personal Care,Facial Cleanser,2026-01-01,14,14.99,5.67,209.86,79.38,130.48
West,Los Angeles,Beauty & Personal Care,Hair Dryer,2026-01-01,12,39.99,16.82,479.88,201.84,278.04
West,Los Angeles,Beauty & Personal Care,Moisturizer,2026-01-01,14,18.99,7.65,265.86,107.1,158.76
West,Los Angeles,Beauty & Personal Care,Perfume Set,2026-01-01,17,42.99,15.7,730.83,266.9,463.93
West,Los Angeles,Electronics,Bluetooth Speaker,2026-01-01,14,44.99,28.2,629.86,394.8,235.06
West,Los Angeles,Electronics,Portable Charger,2026-01-01,18,34.99,22.63,629.82,407.34,222.48
West,Los Angeles,Electronics,Smartwatch,2026-01-01,14,119.99,80.87,1679.86,1132.18,547.68
West,Los Angeles,Electronics,Tablet Stand,2026-01-01,14,24.99,15.31,349.86,214.34,135.52
West,Los Angeles,Electronics,Wireless Earbuds,2026-01-01,7,59.99,38.57,419.93,269.99,149.94
West,Los Angeles,Home & Kitchen,Coffee Maker,2026-01-01,14,49.99,35.97,699.86,503.58,196.28
West,Los Angeles,Home & Kitchen,LED Desk Lamp,2026-01-01,12,27.99,19.97,335.88,239.64,96.24
West,Los Angeles,Home & Kitchen,Non-Stick Pan Set,2026-01-01,13,64.99,45.92,844.87,596.96,247.91
West,Los Angeles,Home & Kitchen,Storage Bins (Set of 3),2026-01-01,10,22.99,17.15,229.9,171.5,58.4
West,Los Angeles,Home & Kitchen,Throw Blanket,2026-01-01,13,29.99,20.81,389.87,270.53,119.34
West,Los Angeles,Sports & Outdoors,Camping Tent,2026-01-01,18,129.99,74.33,2339.82,1337.94,1001.88
West,Los Angeles,Sports & Outdoors,Hiking Backpack,2026-01-01,14,74.99,40.2,1049.86,562.8,487.06
West,Los Angeles,Sports & Outdoors,Resistance Bands,2026-01-01,23,19.99,9.83,459.77,226.09,233.68
West,Los Angeles,Sports & Outdoors,Water Bottle,2026-01-01,14,16.99,8.37,237.86,117.18,120.68
West,Los Angeles,Sports & Outdoors,Yoga Mat,2026-01-01,15,24.99,12.64,374.85,189.6,185.25
West,Seattle,Apparel,Denim Jacket,2026-01-01,21,69.99,34.31,1469.79,720.51,749.28
West,Seattle,Apparel,Men's T-Shirt,2026-01-01,20,19.99,8.89,399.8,177.8,222.0
West,Seattle,Apparel,Running Shoes,2026-01-01,17,79.99,39.55,1359.83,672.35,687.48
West,Seattle,Apparel,Women's Leggings,2026-01-01,20,34.99,14.41,699.8,288.2,411.6
West,Seattle,Apparel,Wool Sweater,2026-01-01,8,54.99,23.68,439.92,189.44,250.48
West,Seattle,Beauty & Personal Care,Electric Toothbrush,2026-01-01,15,44.99,20.83,674.85,312.45,362.4
West,Seattle,Beauty & Personal Care,Facial Cleanser,2026-01-01,22,14.99,5.84,329.78,128.48,201.3
West,Seattle,Beauty & Personal Care,Hair Dryer,2026-01-01,15,39.99,16.63,599.85,249.45,350.4
West,Seattle,Beauty & Personal Care,Moisturizer,2026-01-01,26,18.99,7.41,493.74,192.66,301.08
West,Seattle,Beauty & Personal Care,Perfume Set,2026-01-01,14,42.99,16.27,601.86,227.78,374.08
West,Seattle,Electronics,Bluetooth Speaker,2026-01-01,18,44.99,27.41,809.82,493.38,316.44
West,Seattle,Electronics,Portable Charger,2026-01-01,11,34.99,22.82,384.89,251.02,133.87
West,Seattle,Electronics,Smartwatch,2026-01-01,14,119.99,81.45,1679.86,1140.3,539.56
West,Seattle,Electronics,Tablet Stand,2026-01-01,22,24.99,14.69,549.78,323.18,226.6
West,Seattle,Electronics,Wireless Earbuds,2026-01-01,21,59.99,39.91,1259.79,838.11,421.68
West,Seattle,Home & Kitchen,Coffee Maker,2026-01-01,24,49.99,36.14,1199.76,867.36,332.4
West,Seattle,Home & Kitchen,LED Desk Lamp,2026-01-01,14,27.99,20.01,391.86,280.14,111.72
West,Seattle,Home & Kitchen,Non-Stick Pan Set,2026-01-01,21,64.99,45.98,1364.79,965.58,399.21
West,Seattle,Home & Kitchen,Storage Bins (Set of 3),2026-01-01,19,22.99,17.23,436.81,327.37,109.44
West,Seattle,Home & Kitchen,Throw Blanket,2026-01-01,19,29.99,20.88,569.81,396.72,173.09
West,Seattle,Sports & Outdoors,Camping Tent,2026-01-01,18,129.99,76.6,2339.82,1378.8,961.02
West,Seattle,Sports & Outdoors,Hiking Backpack,2026-01-01,18,74.99,40.61,1349.82,730.98,618.84
West,Seattle,Sports & Outdoors,Resistance Bands,2026-01-01,15,19.99,9.39,299.85,140.85,159.0
West,Seattle,Sports & Outdoors,Water Bottle,2026-01-01,17,16.99,8.47,288.83,143.99,144.84
West,Seattle,Sports & Outdoors,Yoga Mat,2026-01-01,19,24.99,13.37,474.81,254.03,220.78
Midwest,Chicago,Apparel,Denim Jacket,2026-02-01,11,69.99,33.32,769.89,366.52,403.37
Midwest,Chicago,Apparel,Men's T-Shirt,2026-02-01,20,19.99,9.01,399.8,180.2,219.6
Midwest,Chicago,Apparel,Running Shoes,2026-02-01,21,79.99,41.01,1679.79,861.21,818.58
Midwest,Chicago,Apparel,Women's Leggings,2026-02-01,18,34.99,14.33,629.82,257.94,371.88
Midwest,Chicago,Apparel,Wool Sweater,2026-02-01,17,54.99,24.08,934.83,409.36,525.47
Midwest,Chicago,Beauty & Personal Care,Electric Toothbrush,2026-02-01,8,44.99,20.15,359.92,161.2,198.72
Midwest,Chicago,Beauty & Personal Care,Facial Cleanser,2026-02-01,18,14.99,5.68,269.82,102.24,167.58
Midwest,Chicago,Beauty & Personal Care,Hair Dryer,2026-02-01,16,39.99,16.76,639.84,268.16,371.68
Midwest,Chicago,Beauty & Personal Care,Moisturizer,2026-02-01,17,18.99,7.8,322.83,132.6,190.23
Midwest,Chicago,Beauty & Personal Care,Perfume Set,2026-02-01,14,42.99,16.3,601.86,228.2,373.66
Midwest,Chicago,Electronics,Bluetooth Speaker,2026-02-01,16,44.99,28.22,719.84,451.52,268.32
Midwest,Chicago,Electronics,Portable Charger,2026-02-01,18,34.99,22.59,629.82,406.62,223.2
Midwest,Chicago,Electronics,Smartwatch,2026-02-01,21,119.99,83.85,2519.79,1760.85,758.94
Midwest,Chicago,Electronics,Tablet Stand,2026-02-01,9,24.99,14.83,224.91,133.47,91.44
Midwest,Chicago,Electronics,Wireless Earbuds,2026-02-01,16,59.99,39.56,959.84,632.96,326.88
Midwest,Chicago,Home & Kitchen,Coffee Maker,2026-02-01,7,49.99,35.58,349.93,249.06,100.87
Midwest,Chicago,Home & Kitchen,LED Desk Lamp,2026-02-01,16,27.99,19.93,447.84,318.88,128.96
Midwest,Chicago,Home & Kitchen,Non-Stick Pan Set,2026-02-01,12,64.99,44.51,779.88,534.12,245.76
Midwest,Chicago,Home & Kitchen,Storage Bins (Set of 3),2026-02-01,20,22.99,16.82,459.8,336.4,123.4
Midwest,Chicago,Home & Kitchen,Throw Blanket,2026-02-01,10,29.99,20.92,299.9,209.2,90.7
Midwest,Chicago,Sports & Outdoors,Camping Tent,2026-02-01,10,129.99,76.74,1299.9,767.4,532.5
Midwest,Chicago,Sports & Outdoors,Hiking Backpack,2026-02-01,9,74.99,41.31,674.91,371.79,303.12
Midwest,Chicago,Sports & Outdoors,Resistance Bands,2026-02-01,11,19.99,9.6,219.89,105.6,114.29
Midwest,Chicago,Sports & Outdoors,Water Bottle,2026-02-01,15,16.99,8.61,254.85,129.15,125.7
Midwest,Chicago,Sports & Outdoors,Yoga Mat,2026-02-01,5,24.99,12.67,124.95,63.35,61.6
Northeast,Boston,Apparel,Denim Jacket,2026-02-01,14,69.99,32.59,979.86,456.26,523.6
Northeast,Boston,Apparel,Men's T-Shirt,2026-02-01,26,19.99,9.04,519.74,235.04,284.7
Northeast,Boston,Apparel,Running Shoes,2026-02-01,15,79.99,40.23,1199.85,603.45,596.4
Northeast,Boston,Apparel,Women's Leggings,2026-02-01,15,34.99,14.36,524.85,215.4,309.45
Northeast,Boston,Apparel,Wool Sweater,2026-02-01,16,54.99,24.43,879.84,390.88,488.96
Northeast,Boston,Beauty & Personal Care,Electric Toothbrush,2026-02-01,20,44.99,20.39,899.8,407.8,492.0
Northeast,Boston,Beauty & Personal Care,Facial Cleanser,2026-02-01,18,14.99,5.78,269.82,104.04,165.78
Northeast,Boston,Beauty & Personal Care,Hair Dryer,2026-02-01,21,39.99,16.94,839.79,355.74,484.05
Northeast,Boston,Beauty & Personal Care,Moisturizer,2026-02-01,14,18.99,7.42,265.86,103.88,161.98
Northeast,Boston,Beauty & Personal Care,Perfume Set,2026-02-01,16,42.99,15.66,687.84,250.56,437.28
Northeast,Boston,Electronics,Bluetooth Speaker,2026-02-01,16,44.99,27.38,719.84,438.08,281.76
Northeast,Boston,Electronics,Portable Charger,2026-02-01,13,34.99,22.33,454.87,290.29,164.58
Northeast,Boston,Electronics,Smartwatch,2026-02-01,21,119.99,81.03,2519.79,1701.63,818.16
Northeast,Boston,Electronics,Tablet Stand,2026-02-01,21,24.99,14.84,524.79,311.64,213.15
Northeast,Boston,Electronics,Wireless Earbuds,2026-02-01,15,59.99,38.16,899.85,572.4,327.45
Northeast,Boston,Home & Kitchen,Coffee Maker,2026-02-01,20,49.99,35.34,999.8,706.8,293.0
Northeast,Boston,Home & Kitchen,LED Desk Lamp,2026-02-01,13,27.99,19.76,363.87,256.88,106.99
Northeast,Boston,Home & Kitchen,Non-Stick Pan Set,2026-02-01,19,64.99,44.94,1234.81,853.86,380.95
Northeast,Boston,Home & Kitchen,Storage Bins (Set of 3),2026-02-01,15,22.99,16.91,344.85,253.65,91.2
Northeast,Boston,Home & Kitchen,Throw Blanket,2026-02-01,16,29.99,20.36,479.84,325.76,154.08
Northeast,Boston,Sports & Outdoors,Camping Tent,2026-02-01,14,129.99,74.15,1819.86,1038.1,781.76
Northeast,Boston,Sports & Outdoors,Hiking Backpack,2026-02-01,11,74.99,41.26,824.89,453.86,371.03
Northeast,Boston,Sports & Outdoors,Resistance Bands,2026-02-01,13,19.99,9.84,259.87,127.92,131.95
Northeast,Boston,Sports & Outdoors,Water Bottle,2026-02-01,29,16.99,8.45,492.71,245.05,247.66
Northeast,Boston,Sports & Outdoors,Yoga Mat,2026-02-01,21,24.99,12.61,524.79,264.81,259.98
Northeast,New York,Apparel,Denim Jacket,2026-02-01,9,69.99,33.63,629.91,302.67,327.24
Northeast,New York,Apparel,Men's T-Shirt,2026-02-01,9,19.99,9.06,179.91,81.54,98.37
Northeast,New York,Apparel,Running Shoes,2026-02-01,20,79.99,40.55,1599.8,811.0,788.8
Northeast,New York,Apparel,Women's Leggings,2026-02-01,16,34.99,14.87,559.84,237.92,321.92
Northeast,New York,Apparel,Wool Sweater,2026-02-01,6,54.99,23.54,329.94,141.24,188.7
Northeast,New York,Beauty & Personal Care,Electric Toothbrush,2026-02-01,14,44.99,19.83,629.86,277.62,352.24
Northeast,New York,Beauty & Personal Care,Facial Cleanser,2026-02-01,13,14.99,5.84,194.87,75.92,118.95
Northeast,New York,Beauty & Personal Care,Hair Dryer,2026-02-01,10,39.99,16.32,399.9,163.2,236.7
Northeast,New York,Beauty & Personal Care,Moisturizer,2026-02-01,9,18.99,7.67,170.91,69.03,101.88
Northeast,New York,Beauty & Personal Care,Perfume Set,2026-02-01,16,42.99,16.13,687.84,258.08,429.76
Northeast,New York,Electronics,Bluetooth Speaker,2026-02-01,9,44.99,27.41,404.91,246.69,158.22
Northeast,New York,Electronics,Portable Charger,2026-02-01,10,34.99,22.88,349.9,228.8,121.1
Northeast,New York,Electronics,Smartwatch,2026-02-01,11,119.99,82.97,1319.89,912.67,407.22
Northeast,New York,Electronics,Tablet Stand,2026-02-01,8,24.99,15.18,199.92,121.44,78.48
Northeast,New York,Electronics,Wireless Earbuds,2026-02-01,9,59.99,38.74,539.91,348.66,191.25
Northeast,New York,Home & Kitchen,Coffee Maker,2026-02-01,9,49.99,36.62,449.91,329.58,120.33
Northeast,New York,Home & Kitchen,LED Desk Lamp,2026-02-01,15,27.99,19.63,419.85,294.45,125.4
Northeast,New York,Home & Kitchen,Non-Stick Pan Set,2026-02-01,15,64.99,45.54,974.85,683.1,291.75
Northeast,New York,Home & Kitchen,Storage Bins (Set of 3),2026-02-01,12,22.99,16.36,275.88,196.32,79.56
Northeast,New York,Home & Kitchen,Throw Blanket,2026-02-01,12,29.99,19.8,359.88,237.6,122.28
Northeast,New York,Sports & Outdoors,Camping Tent,2026-02-01,14,129.99,73.38,1819.86,1027.32,792.54
Northeast,New York,Sports & Outdoors,Hiking Backpack,2026-02-01,16,74.99,41.12,1199.84,657.92,541.92
Northeast,New York,Sports & Outdoors,Resistance Bands,2026-02-01,13,19.99,9.78,259.87,127.14,132.73
Northeast,New York,Sports & Outdoors,Water Bottle,2026-02-01,9,16.99,8.27,152.91,74.43,78.48
Northeast,New York,Sports & Outdoors,Yoga Mat,2026-02-01,9,24.99,12.72,224.91,114.48,110.43
Southeast,Atlanta,Apparel,Denim Jacket,2026-02-01,19,69.99,34.13,1329.81,648.47,681.34
Southeast,Atlanta,Apparel,Men's T-Shirt,2026-02-01,17,19.99,8.96,339.83,152.32,187.51
Southeast,Atlanta,Apparel,Running Shoes,2026-02-01,12,79.99,39.43,959.88,473.16,486.72
Southeast,Atlanta,Apparel,Women's Leggings,2026-02-01,14,34.99,14.6,489.86,204.4,285.46
Southeast,Atlanta,Apparel,Wool Sweater,2026-02-01,12,54.99,24.78,659.88,297.36,362.52
Southeast,Atlanta,Beauty & Personal Care,Electric Toothbrush,2026-02-01,10,44.99,20.08,449.9,200.8,249.1
Southeast,Atlanta,Beauty & Personal Care,Facial Cleanser,2026-02-01,9,14.99,5.83,134.91,52.47,82.44
Southeast,Atlanta,Beauty & Personal Care,Hair Dryer,2026-02-01,15,39.99,17.3,599.85,259.5,340.35
Southeast,Atlanta,Beauty & Personal Care,Moisturizer,2026-02-01,10,18.99,7.59,189.9,75.9,114.0
Southeast,Atlanta,Beauty & Personal Care,Perfume Set,2026-02-01,12,42.99,15.78,515.88,189.36,326.52
Southeast,Atlanta,Electronics,Bluetooth Speaker,2026-02-01,11,44.99,27.98,494.89,307.78,187.11
Southeast,Atlanta,Electronics,Portable Charger,2026-02-01,14,34.99,22.47,489.86,314.58,175.28
Southeast,Atlanta,Electronics,Smartwatch,2026-02-01,17,119.99,82.47,2039.83,1401.99,637.84
Southeast,Atlanta,Electronics,Tablet Stand,2026-02-01,17,24.99,15.29,424.83,259.93,164.9
Southeast,Atlanta,Electronics,Wireless Earbuds,2026-02-01,11,59.99,39.1,659.89,430.1,229.79
Southeast,Atlanta,Home & Kitchen,Coffee Maker,2026-02-01,23,49.99,36.09,1149.77,830.07,319.7
Southeast,Atlanta,Home & Kitchen,LED Desk Lamp,2026-02-01,12,27.99,19.91,335.88,238.92,96.96
Southeast,Atlanta,Home & Kitchen,Non-Stick Pan Set,2026-02-01,15,64.99,46.6,974.85,699.0,275.85
Southeast,Atlanta,Home & Kitchen,Storage Bins (Set of 3),2026-02-01,12,22.99,17.19,275.88,206.28,69.6
Southeast,Atlanta,Home & Kitchen,Throw Blanket,2026-02-01,12,29.99,20.82,359.88,249.84,110.04
Southeast,Atlanta,Sports & Outdoors,Camping Tent,2026-02-01,14,129.99,76.27,1819.86,1067.78,752.08
Southeast,Atlanta,Sports & Outdoors,Hiking Backpack,2026-02-01,5,74.99,40.4,374.95,202.0,172.95
Southeast,Atlanta,Sports & Outdoors,Resistance Bands,2026-02-01,13,19.99,9.59,259.87,124.67,135.2
Southeast,Atlanta,Sports & Outdoors,Water Bottle,2026-02-01,16,16.99,8.54,271.84,136.64,135.2
Southeast,Atlanta,Sports & Outdoors,Yoga Mat,2026-02-01,10,24.99,12.83,249.9,128.3,121.6
Southeast,Miami,Apparel,Denim Jacket,2026-02-01,18,69.99,32.65,1259.82,587.7,672.12
Southeast,Miami,Apparel,Men's T-Shirt,2026-02-01,13,19.99,8.77,259.87,114.01,145.86
Southeast,Miami,Apparel,Running Shoes,2026-02-01,12,79.99,39.22,959.88,470.64,489.24
Southeast,Miami,Apparel,Women's Leggings,2026-02-01,13,34.99,14.4,454.87,187.2,267.67
Southeast,Miami,Apparel,Wool Sweater,2026-02-01,14,54.99,23.61,769.86,330.54,439.32
Southeast,Miami,Beauty & Personal Care,Electric Toothbrush,2026-02-01,14,44.99,19.94,629.86,279.16,350.7
Southeast,Miami,Beauty & Personal Care,Facial Cleanser,2026-02-01,15,14.99,5.61,224.85,84.15,140.7
Southeast,Miami,Beauty & Personal Care,Hair Dryer,2026-02-01,12,39.99,16.91,479.88,202.92,276.96
Southeast,Miami,Beauty & Personal Care,Moisturizer,2026-02-01,14,18.99,7.77,265.86,108.78,157.08
Southeast,Miami,Beauty & Personal Care,Perfume Set,2026-02-01,16,42.99,16.11,687.84,257.76,430.08
Southeast,Miami,Electronics,Bluetooth Speaker,2026-02-01,11,44.99,28.3,494.89,311.3,183.59
Southeast,Miami,Electronics,Portable Charger,2026-02-01,18,34.99,22.74,629.82,409.32,220.5
Southeast,Miami,Electronics,Smartwatch,2026-02-01,16,119.99,82.32,1919.84,1317.12,602.72
Southeast,Miami,Electronics,Tablet Stand,2026-02-01,15,24.99,15.2,374.85,228.0,146.85
Southeast,Miami,Electronics,Wireless Earbuds,2026-02-01,15,59.99,37.88,899.85,568.2,331.65
Southeast,Miami,Home & Kitchen,Coffee Maker,2026-02-01,14,49.99,35.27,699.86,493.78,206.08
Southeast,Miami,Home & Kitchen,LED Desk Lamp,2026-02-01,15,27.99,20.24,419.85,303.6,116.25
Southeast,Miami,Home & Kitchen,Non-Stick Pan Set,2026-02-01,13,64.99,46.05,844.87,598.65,246.22
Southeast,Miami,Home & Kitchen,Storage Bins (Set of 3),2026-02-01,22,22.99,16.58,505.78,364.76,141.02
Southeast,Miami,Home & Kitchen,Throw Blanket,2026-02-01,11,29.99,20.92,329.89,230.12,99.77
Southeast,Miami,Sports & Outdoors,Camping Tent,2026-02-01,13,129.99,75.12,1689.87,976.56,713.31
Southeast,Miami,Sports & Outdoors,Hiking Backpack,2026-02-01,14,74.99,40.74,1049.86,570.36,479.5
Southeast,Miami,Sports & Outdoors,Resistance Bands,2026-02-01,14,19.99,9.82,279.86,137.48,142.38
Southeast,Miami,Sports & Outdoors,Water Bottle,2026-02-01,17,16.99,8.75,288.83,148.75,140.08
Southeast,Miami,Sports & Outdoors,Yoga Mat,2026-02-01,10,24.99,12.86,249.9,128.6,121.3
Southwest,Dallas,Apparel,Denim Jacket,2026-02-01,10,69.99,33.15,699.9,331.5,368.4
Southwest,Dallas,Apparel,Men's T-Shirt,2026-02-01,14,19.99,8.96,279.86,125.44,154.42
Southwest,Dallas,Apparel,Running Shoes,2026-02-01,5,79.99,40.49,399.95,202.45,197.5
Southwest,Dallas,Apparel,Women's Leggings,2026-02-01,12,34.99,15.07,419.88,180.84,239.04
Southwest,Dallas,Apparel,Wool Sweater,2026-02-01,14,54.99,23.63,769.86,330.82,439.04
Southwest,Dallas,Beauty & Personal Care,Electric Toothbrush,2026-02-01,15,44.99,20.21,674.85,303.15,371.7
Southwest,Dallas,Beauty & Personal Care,Facial Cleanser,2026-02-01,24,14.99,5.56,359.76,133.44,226.32
Southwest,Dallas,Beauty & Personal Care,Hair Dryer,2026-02-01,14,39.99,17.3,559.86,242.2,317.66
Southwest,Dallas,Beauty & Personal Care,Moisturizer,2026-02-01,11,18.99,7.55,208.89,83.05,125.84
Southwest,Dallas,Beauty & Personal Care,Perfume Set,2026-02-01,16,42.99,16.09,687.84,257.44,430.4
Southwest,Dallas,Electronics,Bluetooth Speaker,2026-02-01,10,44.99,27.84,449.9,278.4,171.5
Southwest,Dallas,Electronics,Portable Charger,2026-02-01,15,34.99,22.2,524.85,333.0,191.85
Southwest,Dallas,Electronics,Smartwatch,2026-02-01,8,119.99,82.16,959.92,657.28,302.64
Southwest,Dallas,Electronics,Tablet Stand,2026-02-01,17,24.99,14.82,424.83,251.94,172.89
Southwest,Dallas,Electronics,Wireless Earbuds,2026-02-01,23,59.99,39.93,1379.77,918.39,461.38
Southwest,Dallas,Home & Kitchen,Coffee Maker,2026-02-01,8,49.99,36.83,399.92,294.64,105.28
Southwest,Dallas,Home & Kitchen,LED Desk Lamp,2026-02-01,12,27.99,19.77,335.88,237.24,98.64
Southwest,Dallas,Home & Kitchen,Non-Stick Pan Set,2026-02-01,16,64.99,45.33,1039.84,725.28,314.56
Southwest,Dallas,Home & Kitchen,Storage Bins (Set of 3),2026-02-01,13,22.99,16.29,298.87,211.77,87.1
Southwest,Dallas,Home & Kitchen,Throw Blanket,2026-02-01,27,29.99,19.97,809.73,539.19,270.54
Southwest,Dallas,Sports & Outdoors,Camping Tent,2026-02-01,6,129.99,73.8,779.94,442.8,337.14
Southwest,Dallas,Sports & Outdoors,Hiking Backpack,2026-02-01,6,74.99,41.14,449.94,246.84,203.1
Southwest,Dallas,Sports & Outdoors,Resistance Bands,2026-02-01,7,19.99,9.41,139.93,65.87,74.06
Southwest,Dallas,Sports & Outdoors,Water Bottle,2026-02-01,5,16.99,8.36,84.95,41.8,43.15
Southwest,Dallas,Sports & Outdoors,Yoga Mat,2026-02-01,5,24.99,12.86,124.95,64.3,60.65
West,Los Angeles,Apparel,Denim Jacket,2026-02-01,11,69.99,34.52,769.89,379.72,390.17
West,Los Angeles,Apparel,Men's T-Shirt,2026-02-01,15,19.99,9.06,299.85,135.9,163.95
West,Los Angeles,Apparel,Running Shoes,2026-02-01,24,79.99,41.13,1919.76,987.12,932.64
West,Los Angeles,Apparel,Women's Leggings,2026-02-01,8,34.99,14.81,279.92,118.48,161.44
West,Los Angeles,Apparel,Wool Sweater,2026-02-01,10,54.99,23.76,549.9,237.6,312.3
West,Los Angeles,Beauty & Personal Care,Electric Toothbrush,2026-02-01,15,44.99,20.28,674.85,304.2,370.65
West,Los Angeles,Beauty & Personal Care,Facial Cleanser,2026-02-01,14,14.99,5.68,209.86,79.52,130.34
West,Los Angeles,Beauty & Personal Care,Hair Dryer,2026-02-01,12,39.99,17.17,479.88,206.04,273.84
West,Los Angeles,Beauty & Personal Care,Moisturizer,2026-02-01,15,18.99,7.69,284.85,115.35,169.5
West,Los Angeles,Beauty & Personal Care,Perfume Set,2026-02-01,14,42.99,16.26,601.86,227.64,374.22
West,Los Angeles,Electronics,Bluetooth Speaker,2026-02-01,17,44.99,27.35,764.83,464.95,299.88
West,Los Angeles,Electronics,Portable Charger,2026-02-01,14,34.99,22.76,489.86,318.64,171.22
West,Los Angeles,Electronics,Smartwatch,2026-02-01,12,119.99,83.69,1439.88,1004.28,435.6
West,Los Angeles,Electronics,Tablet Stand,2026-02-01,14,24.99,14.61,349.86,204.54,145.32
West,Los Angeles,Electronics,Wireless Earbuds,2026-02-01,13,59.99,40.0,779.87,520.0,259.87
West,Los Angeles,Home & Kitchen,Coffee Maker,2026-02-01,12,49.99,35.31,599.88,423.72,176.16
West,Los Angeles,Home & Kitchen,LED Desk Lamp,2026-02-01,23,27.99,19.72,643.77,453.56,190.21
West,Los Angeles,Home & Kitchen,Non-Stick Pan Set,2026-02-01,13,64.99,44.54,844.87,579.02,265.85
West,Los Angeles,Home & Kitchen,Storage Bins (Set of 3),2026-02-01,11,22.99,16.8,252.89,184.8,68.09
West,Los Angeles,Home & Kitchen,Throw Blanket,2026-02-01,8,29.99,20.63,239.92,165.04,74.88
West,Los Angeles,Sports & Outdoors,Camping Tent,2026-02-01,9,129.99,77.06,1169.91,693.54,476.37
West,Los Angeles,Sports & Outdoors,Hiking Backpack,2026-02-01,13,74.99,41.49,974.87,539.37,435.5
West,Los Angeles,Sports & Outdoors,Resistance Bands,2026-02-01,24,19.99,9.68,479.76,232.32,247.44
West,Los Angeles,Sports & Outdoors,Water Bottle,2026-02-01,11,16.99,8.3,186.89,91.3,95.59
West,Los Angeles,Sports & Outdoors,Yoga Mat,2026-02-01,17,24.99,13.16,424.83,223.72,201.11
West,Seattle,Apparel,Denim Jacket,2026-02-01,20,69.99,34.12,1399.8,682.4,717.4
West,Seattle,Apparel,Men's T-Shirt,2026-02-01,11,19.99,8.93,219.89,98.23,121.66
West,Seattle,Apparel,Running Shoes,2026-02-01,10,79.99,39.63,799.9,396.3,403.6
West,Seattle,Apparel,Women's Leggings,2026-02-01,17,34.99,14.52,594.83,246.84,347.99
West,Seattle,Apparel,Wool Sweater,2026-02-01,16,54.99,23.75,879.84,380.0,499.84
West,Seattle,Beauty & Personal Care,Electric Toothbrush,2026-02-01,16,44.99,19.74,719.84,315.84,404.0
West,Seattle,Beauty & Personal Care,Facial Cleanser,2026-02-01,24,14.99,5.82,359.76,139.68,220.08
West,Seattle,Beauty & Personal Care,Hair Dryer,2026-02-01,20,39.99,17.11,799.8,342.2,457.6
West,Seattle,Beauty & Personal Care,Moisturizer,2026-02-01,10,18.99,7.69,189.9,76.9,113.0
West,Seattle,Beauty & Personal Care,Perfume Set,2026-02-01,12,42.99,16.14,515.88,193.68,322.2
West,Seattle,Electronics,Bluetooth Speaker,2026-02-01,15,44.99,27.11,674.85,406.65,268.2
West,Seattle,Electronics,Portable Charger,2026-02-01,9,34.99,22.66,314.91,203.94,110.97
West,Seattle,Electronics,Smartwatch,2026-02-01,8,119.99,79.87,959.92,638.96,320.96
West,Seattle,Electronics,Tablet Stand,2026-02-01,15,24.99,15.19,374.85,227.85,147.0
West,Seattle,Electronics,Wireless Earbuds,2026-02-01,13,59.99,39.96,779.87,519.48,260.39
West,Seattle,Home & Kitchen,Coffee Maker,2026-02-01,17,49.99,37.01,849.83,629.17,220.66
West,Seattle,Home & Kitchen,LED Desk Lamp,2026-02-01,10,27.99,19.73,279.9,197.3,82.6
West,Seattle,Home & Kitchen,Non-Stick Pan Set,2026-02-01,25,64.99,46.33,1624.75,1158.25,466.5
West,Seattle,Home & Kitchen,Storage Bins (Set of 3),2026-02-01,21,22.99,16.9,482.79,354.9,127.89
West,Seattle,Home & Kitchen,Throw Blanket,2026-02-01,7,29.99,20.96,209.93,146.72,63.21
West,Seattle,Sports & Outdoors,Camping Tent,2026-02-01,17,129.99,73.55,2209.83,1250.35,959.48
West,Seattle,Sports & Outdoors,Hiking Backpack,2026-02-01,16,74.99,41.63,1199.84,666.08,533.76
West,Seattle,Sports & Outdoors,Resistance Bands,2026-02-01,17,19.99,9.45,339.83,160.65,179.18
West,Seattle,Sports & Outdoors,Water Bottle,2026-02-01,17,16.99,8.49,288.83,144.33,144.5
West,Seattle,Sports & Outdoors,Yoga Mat,2026-02-01,21,24.99,12.93,524.79,271.53,253.26
Midwest,Chicago,Apparel,Denim Jacket,2026-03-01,14,69.99,33.65,979.86,471.1,508.76
Midwest,Chicago,Apparel,Men's T-Shirt,2026-03-01,17,19.99,9.26,339.83,157.42,182.41
Midwest,Chicago,Apparel,Running Shoes,2026-03-01,22,79.99,40.91,1759.78,900.02,859.76
Midwest,Chicago,Apparel,Women's Leggings,2026-03-01,19,34.99,14.83,664.81,281.77,383.04
Midwest,Chicago,Apparel,Wool Sweater,2026-03-01,13,54.99,23.93,714.87,311.09,403.78
Midwest,Chicago,Beauty & Personal Care,Electric Toothbrush,2026-03-01,26,44.99,19.69,1169.74,511.94,657.8
Midwest,Chicago,Beauty & Personal Care,Facial Cleanser,2026-03-01,11,14.99,5.72,164.89,62.92,101.97
Midwest,Chicago,Beauty & Personal Care,Hair Dryer,2026-03-01,11,39.99,16.47,439.89,181.17,258.72
Midwest,Chicago,Beauty & Personal Care,Moisturizer,2026-03-01,13,18.99,7.52,246.87,97.76,149.11
Midwest,Chicago,Beauty & Personal Care,Perfume Set,2026-03-01,13,42.99,16.01,558.87,208.13,350.74
Midwest,Chicago,Electronics,Bluetooth Speaker,2026-03-01,18,44.99,28.33,809.82,509.94,299.88
Midwest,Chicago,Electronics,Portable Charger,2026-03-01,25,34.99,22.76,874.75,569.0,305.75
Midwest,Chicago,Electronics,Smartwatch,2026-03-01,15,119.99,82.57,1799.85,1238.55,561.3
Midwest,Chicago,Electronics,Tablet Stand,2026-03-01,16,24.99,15.34,399.84,245.44,154.4
Midwest,Chicago,Electronics,Wireless Earbuds,2026-03-01,10,59.99,39.75,599.9,397.5,202.4
Midwest,Chicago,Home & Kitchen,Coffee Maker,2026-03-01,11,49.99,35.33,549.89,388.63,161.26
Midwest,Chicago,Home & Kitchen,LED Desk Lamp,2026-03-01,11,27.99,20.25,307.89,222.75,85.14
Midwest,Chicago,Home & Kitchen,Non-Stick Pan Set,2026-03-01,13,64.99,45.32,844.87,589.16,255.71
Midwest,Chicago,Home & Kitchen,Storage Bins (Set of 3),2026-03-01,19,22.99,16.36,436.81,310.84,125.97
Midwest,Chicago,Home & Kitchen,Throw Blanket,2026-03-01,21,29.99,20.2,629.79,424.2,205.59
Midwest,Chicago,Sports & Outdoors,Camping Tent,2026-03-01,11,129.99,75.27,1429.89,827.97,601.92
Midwest,Chicago,Sports & Outdoors,Hiking Backpack,2026-03-01,15,74.99,41.96,1124.85,629.4,495.45
Midwest,Chicago,Sports & Outdoors,Resistance Bands,2026-03-01,25,19.99,9.77,499.75,244.25,255.5
Midwest,Chicago,Sports & Outdoors,Water Bottle,2026-03-01,25,16.99,8.41,424.75,210.25,214.5
Midwest,Chicago,Sports & Outdoors,Yoga Mat,2026-03-01,15,24.99,13.18,374.85,197.7,177.15
Northeast,Boston,Apparel,Denim Jacket,2026-03-01,29,69.99,32.89,2029.71,953.81,1075.9
Northeast,Boston,Apparel,Men's T-Shirt,2026-03-01,13,19.99,8.97,259.87,116.61,143.26
Northeast,Boston,Apparel,Running Shoes,2026-03-01,18,79.99,39.89,1439.82,718.02,721.8
Northeast,Boston,Apparel,Women's Leggings,2026-03-01,13,34.99,14.64,454.87,190.32,264.55
Northeast,Boston,Apparel,Wool Sweater,2026-03-01,17,54.99,24.36,934.83,414.12,520.71
Northeast,Boston,Beauty & Personal Care,Electric Toothbrush,2026-03-01,18,44.99,20.22,809.82,363.96,445.86
Northeast,Boston,Beauty & Personal Care,Facial Cleanser,2026-03-01,21,14.99,5.72,314.79,120.12,194.67
Northeast,Boston,Beauty & Personal Care,Hair Dryer,2026-03-01,22,39.99,16.58,879.78,364.76,515.02
Northeast,Boston,Beauty & Personal Care,Moisturizer,2026-03-01,18,18.99,7.67,341.82,138.06,203.76
Northeast,Boston,Beauty & Personal Care,Perfume Set,2026-03-01,20,42.99,16.19,859.8,323.8,536.0
Northeast,Boston,Electronics,Bluetooth Speaker,2026-03-01,25,44.99,27.56,1124.75,689.0,435.75
Northeast,Boston,Electronics,Portable Charger,2026-03-01,9,34.99,22.01,314.91,198.09,116.82
Northeast,Boston,Electronics,Smartwatch,2026-03-01,17,119.99,79.75,2039.83,1355.75,684.08
Northeast,Boston,Electronics,Tablet Stand,2026-03-01,20,24.99,14.6,499.8,292.0,207.8
Northeast,Boston,Electronics,Wireless Earbuds,2026-03-01,21,59.99,38.62,1259.79,811.02,448.77
Northeast,Boston,Home & Kitchen,Coffee Maker,2026-03-01,21,49.99,35.44,1049.79,744.24,305.55
Northeast,Boston,Home & Kitchen,LED Desk Lamp,2026-03-01,26,27.99,20.13,727.74,523.38,204.36
Northeast,Boston,Home & Kitchen,Non-Stick Pan Set,2026-03-01,16,64.99,45.17,1039.84,722.72,317.12
Northeast,Boston,Home & Kitchen,Storage Bins (Set of 3),2026-03-01,21,22.99,16.65,482.79,349.65,133.14
Northeast,Boston,Home & Kitchen,Throw Blanket,2026-03-01,24,29.99,20.79,719.76,498.96,220.8
Northeast,Boston,Sports & Outdoors,Camping Tent,2026-03-01,16,129.99,76.71,2079.84,1227.36,852.48
Northeast,Boston,Sports & Outdoors,Hiking Backpack,2026-03-01,22,74.99,42.36,1649.78,931.92,717.86
Northeast,Boston,Sports & Outdoors,Resistance Bands,2026-03-01,16,19.99,9.53,319.84,152.48,167.36
Northeast,Boston,Sports & Outdoors,Water Bottle,2026-03-01,18,16.99,8.42,305.82,151.56,154.26
Northeast,Boston,Sports & Outdoors,Yoga Mat,2026-03-01,21,24.99,13.27,524.79,278.67,246.12
Northeast,New York,Apparel,Denim Jacket,2026-03-01,12,69.99,33.43,839.88,401.16,438.72
Northeast,New York,Apparel,Men's T-Shirt,2026-03-01,17,19.99,9.17,339.83,155.89,183.94
Northeast,New York,Apparel,Running Shoes,2026-03-01,11,79.99,39.53,879.89,434.83,445.06
Northeast,New York,Apparel,Women's Leggings,2026-03-01,12,34.99,14.55,419.88,174.6,245.28
Northeast,New York,Apparel,Wool Sweater,2026-03-01,14,54.99,23.69,769.86,331.66,438.2
Northeast,New York,Beauty & Personal Care,Electric Toothbrush,2026-03-01,11,44.99,19.71,494.89,216.81,278.08
Northeast,New York,Beauty & Personal Care,Facial Cleanser,2026-03-01,13,14.99,5.71,194.87,74.23,120.64
Northeast,New York,Beauty & Personal Care,Hair Dryer,2026-03-01,11,39.99,16.34,439.89,179.74,260.15
Northeast,New York,Beauty & Personal Care,Moisturizer,2026-03-01,8,18.99,7.54,151.92,60.32,91.6
Northeast,New York,Beauty & Personal Care,Perfume Set,2026-03-01,11,42.99,15.56,472.89,171.16,301.73
Northeast,New York,Electronics,Bluetooth Speaker,2026-03-01,12,44.99,27.18,539.88,326.16,213.72
Northeast,New York,Electronics,Portable Charger,2026-03-01,9,34.99,22.49,314.91,202.41,112.5
Northeast,New York,Electronics,Smartwatch,2026-03-01,17,119.99,80.36,2039.83,1366.12,673.71
Northeast,New York,Electronics,Tablet Stand,2026-03-01,8,24.99,14.69,199.92,117.52,82.4
Northeast,New York,Electronics,Wireless Earbuds,2026-03-01,9,59.99,39.15,539.91,352.35,187.56
Northeast,New York,Home & Kitchen,Coffee Maker,2026-03-01,16,49.99,36.89,799.84,590.24,209.6
Northeast,New York,Home & Kitchen,LED Desk Lamp,2026-03-01,10,27.99,20.21,279.9,202.1,77.8
Northeast,New York,Home & Kitchen,Non-Stick Pan Set,2026-03-01,15,64.99,44.79,974.85,671.85,303.0
Northeast,New York,Home & Kitchen,Storage Bins (Set of 3),2026-03-01,17,22.99,16.34,390.83,277.78,113.05
Northeast,New York,Home & Kitchen,Throw Blanket,2026-03-01,14,29.99,19.79,419.86,277.06,142.8
Northeast,New York,Sports & Outdoors,Camping Tent,2026-03-01,14,129.99,75.54,1819.86,1057.56,762.3
Northeast,New York,Sports & Outdoors,Hiking Backpack,2026-03-01,12,74.99,40.51,899.88,486.12,413.76
Northeast,New York,Sports & Outdoors,Resistance Bands,2026-03-01,11,19.99,9.4,219.89,103.4,116.49
Northeast,New York,Sports & Outdoors,Water Bottle,2026-03-01,13,16.99,8.41,220.87,109.33,111.54
Northeast,New York,Sports & Outdoors,Yoga Mat,2026-03-01,15,24.99,12.79,374.85,191.85,183.0
Southeast,Atlanta,Apparel,Denim Jacket,2026-03-01,13,69.99,33.38,909.87,433.94,475.93
Southeast,Atlanta,Apparel,Men's T-Shirt,2026-03-01,15,19.99,9.08,299.85,136.2,163.65
Southeast,Atlanta,Apparel,Running Shoes,2026-03-01,7,79.99,38.9,559.93,272.3,287.63
Southeast,Atlanta,Apparel,Women's Leggings,2026-03-01,11,34.99,14.67,384.89,161.37,223.52
Southeast,Atlanta,Apparel,Wool Sweater,2026-03-01,13,54.99,24.73,714.87,321.49,393.38
Southeast,Atlanta,Beauty & Personal Care,Electric Toothbrush,2026-03-01,8,44.99,20.67,359.92,165.36,194.56
Southeast,Atlanta,Beauty & Personal Care,Facial Cleanser,2026-03-01,16,14.99,5.81,239.84,92.96,146.88
Southeast,Atlanta,Beauty & Personal Care,Hair Dryer,2026-03-01,14,39.99,17.22,559.86,241.08,318.78
Southeast,Atlanta,Beauty & Personal Care,Moisturizer,2026-03-01,14,18.99,7.48,265.86,104.72,161.14
Southeast,Atlanta,Beauty & Personal Care,Perfume Set,2026-03-01,9,42.99,15.45,386.91,139.05,247.86
Southeast,Atlanta,Electronics,Bluetooth Speaker,2026-03-01,21,44.99,27.8,944.79,583.8,360.99
Southeast,Atlanta,Electronics,Portable Charger,2026-03-01,13,34.99,22.6,454.87,293.8,161.07
Southeast,Atlanta,Electronics,Smartwatch,2026-03-01,14,119.99,83.31,1679.86,1166.34,513.52
Southeast,Atlanta,Electronics,Tablet Stand,2026-03-01,14,24.99,14.61,349.86,204.54,145.32
Southeast,Atlanta,Electronics,Wireless Earbuds,2026-03-01,9,59.99,38.99,539.91,350.91,189.0
Southeast,Atlanta,Home & Kitchen,Coffee Maker,2026-03-01,16,49.99,35.08,799.84,561.28,238.56
Southeast,Atlanta,Home & Kitchen,LED Desk Lamp,2026-03-01,15,27.99,20.0,419.85,300.0,119.85
Southeast,Atlanta,Home & Kitchen,Non-Stick Pan Set,2026-03-01,14,64.99,46.61,909.86,652.54,257.32
Southeast,Atlanta,Home & Kitchen,Storage Bins (Set of 3),2026-03-01,12,22.99,16.81,275.88,201.72,74.16
Southeast,Atlanta,Home & Kitchen,Throw Blanket,2026-03-01,14,29.99,19.99,419.86,279.86,140.0
Southeast,Atlanta,Sports & Outdoors,Camping Tent,2026-03-01,10,129.99,74.29,1299.9,742.9,557.0
Southeast,Atlanta,Sports & Outdoors,Hiking Backpack,2026-03-01,10,74.99,41.39,749.9,413.9,336.0
Southeast,Atlanta,Sports & Outdoors,Resistance Bands,2026-03-01,24,19.99,9.32,479.76,223.68,256.08
Southeast,Atlanta,Sports & Outdoors,Water Bottle,2026-03-01,10,16.99,8.58,169.9,85.8,84.1
Southeast,Atlanta,Sports & Outdoors,Yoga Mat,2026-03-01,9,24.99,12.89,224.91,116.01,108.9
Southeast,Miami,Apparel,Denim Jacket,2026-03-01,7,69.99,34.38,489.93,240.66,249.27
Southeast,Miami,Apparel,Men's T-Shirt,2026-03-01,16,19.99,8.86,319.84,141.76,178.08
Southeast,Miami,Apparel,Running Shoes,2026-03-01,21,79.99,39.79,1679.79,835.59,844.2
Southeast,Miami,Apparel,Women's Leggings,2026-03-01,9,34.99,14.75,314.91,132.75,182.16
Southeast,Miami,Apparel,Wool Sweater,2026-03-01,7,54.99,24.54,384.93,171.78,213.15
Southeast,Miami,Beauty & Personal Care,Electric Toothbrush,2026-03-01,12,44.99,20.47,539.88,245.64,294.24
Southeast,Miami,Beauty & Personal Care,Facial Cleanser,2026-03-01,14,14.99,5.81,209.86,81.34,128.52
Southeast,Miami,Beauty & Personal Care,Hair Dryer,2026-03-01,9,39.99,16.97,359.91,152.73,207.18
Southeast,Miami,Beauty & Personal Care,Moisturizer,2026-03-01,16,18.99,7.58,303.84,121.28,182.56
Southeast,Miami,Beauty & Personal Care,Perfume Set,2026-03-01,9,42.99,16.05,386.91,144.45,242.46
Southeast,Miami,Electronics,Bluetooth Speaker,2026-03-01,9,44.99,27.26,404.91,245.34,159.57
Southeast,Miami,Electronics,Portable Charger,2026-03-01,9,34.99,22.93,314.91,206.37,108.54
Southeast,Miami,Electronics,Smartwatch,2026-03-01,11,119.99,79.3,1319.89,872.3,447.59
Southeast,Miami,Electronics,Tablet Stand,2026-03-01,21,24.99,14.57,524.79,305.97,218.82
Southeast,Miami,Electronics,Wireless Earbuds,2026-03-01,17,59.99,38.88,1019.83,660.96,358.87
Southeast,Miami,Home & Kitchen,Coffee Maker,2026-03-01,12,49.99,35.44,599.88,425.28,174.6
Southeast,Miami,Home & Kitchen,LED Desk Lamp,2026-03-01,18,27.99,19.31,503.82,347.58,156.24
Southeast,Miami,Home & Kitchen,Non-Stick Pan Set,2026-03-01,7,64.99,46.47,454.93,325.29,129.64
Southeast,Miami,Home & Kitchen,Storage Bins (Set of 3),2026-03-01,17,22.99,17.07,390.83,290.19,100.64
Southeast,Miami,Home & Kitchen,Throw Blanket,2026-03-01,11,29.99,20.37,329.89,224.07,105.82
Southeast,Miami,Sports & Outdoors,Camping Tent,2026-03-01,10,129.99,74.85,1299.9,748.5,551.4
Southeast,Miami,Sports & Outdoors,Hiking Backpack,2026-03-01,11,74.99,40.75,824.89,448.25,376.64
Southeast,Miami,Sports & Outdoors,Resistance Bands,2026-03-01,9,19.99,9.65,179.91,86.85,93.06
Southeast,Miami,Sports & Outdoors,Water Bottle,2026-03-01,16,16.99,8.56,271.84,136.96,134.88
Southeast,Miami,Sports & Outdoors,Yoga Mat,2026-03-01,12,24.99,12.82,299.88,153.84,146.04
Southwest,Dallas,Apparel,Denim Jacket,2026-03-01,20,69.99,32.81,1399.8,656.2,743.6
Southwest,Dallas,Apparel,Men's T-Shirt,2026-03-01,18,19.99,9.05,359.82,162.9,196.92
Southwest,Dallas,Apparel,Running Shoes,2026-03-01,15,79.99,40.24,1199.85,603.6,596.25
Southwest,Dallas,Apparel,Women's Leggings,2026-03-01,12,34.99,14.33,419.88,171.96,247.92
Southwest,Dallas,Apparel,Wool Sweater,2026-03-01,9,54.99,23.54,494.91,211.86,283.05
Southwest,Dallas,Beauty & Personal Care,Electric Toothbrush,2026-03-01,14,44.99,20.41,629.86,285.74,344.12
Southwest,Dallas,Beauty & Personal Care,Facial Cleanser,2026-03-01,23,14.99,5.81,344.77,133.63,211.14
Southwest,Dallas,Beauty & Personal Care,Hair Dryer,2026-03-01,15,39.99,16.87,599.85,253.05,346.8
Southwest,Dallas,Beauty & Personal Care,Moisturizer,2026-03-01,9,18.99,7.78,170.91,70.02,100.89
Southwest,Dallas,Beauty & Personal Care,Perfume Set,2026-03-01,17,42.99,16.32,730.83,277.44,453.39
Southwest,Dallas,Electronics,Bluetooth Speaker,2026-03-01,10,44.99,28.6,449.9,286.0,163.9
Southwest,Dallas,Electronics,Portable Charger,2026-03-01,11,34.99,21.8,384.89,239.8,145.09
Southwest,Dallas,Electronics,Smartwatch,2026-03-01,7,119.99,83.2,839.93,582.4,257.53
Southwest,Dallas,Electronics,Tablet Stand,2026-03-01,17,24.99,15.38,424.83,261.46,163.37
Southwest,Dallas,Electronics,Wireless Earbuds,2026-03-01,20,59.99,38.45,1199.8,769.0,430.8
Southwest,Dallas,Home & Kitchen,Coffee Maker,2026-03-01,11,49.99,34.97,549.89,384.67,165.22
Southwest,Dallas,Home & Kitchen,LED Desk Lamp,2026-03-01,18,27.99,20.33,503.82,365.94,137.88
Southwest,Dallas,Home & Kitchen,Non-Stick Pan Set,2026-03-01,11,64.99,46.18,714.89,507.98,206.91
Southwest,Dallas,Home & Kitchen,Storage Bins (Set of 3),2026-03-01,20,22.99,16.76,459.8,335.2,124.6
Southwest,Dallas,Home & Kitchen,Throw Blanket,2026-03-01,15,29.99,20.94,449.85,314.1,135.75
Southwest,Dallas,Sports & Outdoors,Camping Tent,2026-03-01,1,129.99,77.21,129.99,77.21,52.78
Southwest,Dallas,Sports & Outdoors,Hiking Backpack,2026-03-01,3,74.99,41.47,224.97,124.41,100.56
Southwest,Dallas,Sports & Outdoors,Resistance Bands,2026-03-01,4,19.99,9.74,79.96,38.96,41.0
Southwest,Dallas,Sports & Outdoors,Water Bottle,2026-03-01,3,16.99,8.37,50.97,25.11,25.86
Southwest,Dallas,Sports & Outdoors,Yoga Mat,2026-03-01,3,24.99,12.77,74.97,38.31,36.66
West,Los Angeles,Apparel,Denim Jacket,2026-03-01,14,69.99,32.7,979.86,457.8,522.06
West,Los Angeles,Apparel,Men's T-Shirt,2026-03-01,18,19.99,9.02,359.82,162.36,197.46
West,Los Angeles,Apparel,Running Shoes,2026-03-01,18,79.99,38.88,1439.82,699.84,739.98
West,Los Angeles,Apparel,Women's Leggings,2026-03-01,18,34.99,14.79,629.82,266.22,363.6
West,Los Angeles,Apparel,Wool Sweater,2026-03-01,17,54.99,24.68,934.83,419.56,515.27
West,Los Angeles,Beauty & Personal Care,Electric Toothbrush,2026-03-01,15,44.99,19.85,674.85,297.75,377.1
West,Los Angeles,Beauty & Personal Care,Facial Cleanser,2026-03-01,16,14.99,5.53,239.84,88.48,151.36
West,Los Angeles,Beauty & Personal Care,Hair Dryer,2026-03-01,22,39.99,16.59,879.78,364.98,514.8
West,Los Angeles,Beauty & Personal Care,Moisturizer,2026-03-01,13,18.99,7.6,246.87,98.8,148.07
West,Los Angeles,Beauty & Personal Care,Perfume Set,2026-03-01,18,42.99,16.12,773.82,290.16,483.66
West,Los Angeles,Electronics,Bluetooth Speaker,2026-03-01,15,44.99,28.28,674.85,424.2,250.65
West,Los Angeles,Electronics,Portable Charger,2026-03-01,13,34.99,22.17,454.87,288.21,166.66
West,Los Angeles,Electronics,Smartwatch,2026-03-01,9,119.99,81.2,1079.91,730.8,349.11
West,Los Angeles,Electronics,Tablet Stand,2026-03-01,16,24.99,14.62,399.84,233.92,165.92
West,Los Angeles,Electronics,Wireless Earbuds,2026-03-01,24,59.99,40.03,1439.76,960.72,479.04
West,Los Angeles,Home & Kitchen,Coffee Maker,2026-03-01,16,49.99,35.71,799.84,571.36,228.48
West,Los Angeles,Home & Kitchen,LED Desk Lamp,2026-03-01,18,27.99,19.5,503.82,351.0,152.82
West,Los Angeles,Home & Kitchen,Non-Stick Pan Set,2026-03-01,23,64.99,45.39,1494.77,1043.97,450.8
West,Los Angeles,Home & Kitchen,Storage Bins (Set of 3),2026-03-01,10,22.99,17.16,229.9,171.6,58.3
West,Los Angeles,Home & Kitchen,Throw Blanket,2026-03-01,23,29.99,20.93,689.77,481.39,208.38
West,Los Angeles,Sports & Outdoors,Camping Tent,2026-03-01,18,129.99,74.91,2339.82,1348.38,991.44
West,Los Angeles,Sports & Outdoors,Hiking Backpack,2026-03-01,17,74.99,42.41,1274.83,720.97,553.86
West,Los Angeles,Sports & Outdoors,Resistance Bands,2026-03-01,18,19.99,9.63,359.82,173.34,186.48
West,Los Angeles,Sports & Outdoors,Water Bottle,2026-03-01,16,16.99,8.65,271.84,138.4,133.44
West,Los Angeles,Sports & Outdoors,Yoga Mat,2026-03-01,18,24.99,13.22,449.82,237.96,211.86
West,Seattle,Apparel,Denim Jacket,2026-03-01,10,69.99,33.93,699.9,339.3,360.6
West,Seattle,Apparel,Men's T-Shirt,2026-03-01,10,19.99,8.78,199.9,87.8,112.1
West,Seattle,Apparel,Running Shoes,2026-03-01,19,79.99,40.28,1519.81,765.32,754.49
West,Seattle,Apparel,Women's Leggings,2026-03-01,15,34.99,14.68,524.85,220.2,304.65
West,Seattle,Apparel,Wool Sweater,2026-03-01,17,54.99,24.32,934.83,413.44,521.39
West,Seattle,Beauty & Personal Care,Electric Toothbrush,2026-03-01,15,44.99,20.38,674.85,305.7,369.15
West,Seattle,Beauty & Personal Care,Facial Cleanser,2026-03-01,18,14.99,5.59,269.82,100.62,169.2
West,Seattle,Beauty & Personal Care,Hair Dryer,2026-03-01,16,39.99,17.21,639.84,275.36,364.48
West,Seattle,Beauty & Personal Care,Moisturizer,2026-03-01,19,18.99,7.55,360.81,143.45,217.36
West,Seattle,Beauty & Personal Care,Perfume Set,2026-03-01,14,42.99,15.98,601.86,223.72,378.14
West,Seattle,Electronics,Bluetooth Speaker,2026-03-01,16,44.99,28.61,719.84,457.76,262.08
West,Seattle,Electronics,Portable Charger,2026-03-01,23,34.99,21.89,804.77,503.47,301.3
West,Seattle,Electronics,Smartwatch,2026-03-01,19,119.99,80.1,2279.81,1521.9,757.91
West,Seattle,Electronics,Tablet Stand,2026-03-01,17,24.99,14.66,424.83,249.22,175.61
West,Seattle,Electronics,Wireless Earbuds,2026-03-01,9,59.99,39.2,539.91,352.8,187.11
West,Seattle,Home & Kitchen,Coffee Maker,2026-03-01,14,49.99,36.47,699.86,510.58,189.28
West,Seattle,Home & Kitchen,LED Desk Lamp,2026-03-01,19,27.99,19.59,531.81,372.21,159.6
West,Seattle,Home & Kitchen,Non-Stick Pan Set,2026-03-01,19,64.99,44.31,1234.81,841.89,392.92
West,Seattle,Home & Kitchen,Storage Bins (Set of 3),2026-03-01,17,22.99,16.58,390.83,281.86,108.97
West,Seattle,Home & Kitchen,Throw Blanket,2026-03-01,12,29.99,20.85,359.88,250.2,109.68
West,Seattle,Sports & Outdoors,Camping Tent,2026-03-01,20,129.99,74.53,2599.8,1490.6,1109.2
West,Seattle,Sports & Outdoors,Hiking Backpack,2026-03-01,16,74.99,40.97,1199.84,655.52,544.32
West,Seattle,Sports & Outdoors,Resistance Bands,2026-03-01,19,19.99,9.52,379.81,180.88,198.93
West,Seattle,Sports & Outdoors,Water Bottle,2026-03-01,17,16.99,8.46,288.83,143.82,145.01
West,Seattle,Sports & Outdoors,Yoga Mat,2026-03-01,17,24.99,13.32,424.83,226.44,198.39
Midwest,Chicago,Apparel,Denim Jacket,2026-04-01,22,69.99,33.16,1539.78,729.52,810.26
Midwest,Chicago,Apparel,Men's T-Shirt,2026-04-01,20,19.99,9.11,399.8,182.2,217.6
Midwest,Chicago,Apparel,Running Shoes,2026-04-01,23,79.99,40.56,1839.77,932.88,906.89
Midwest,Chicago,Apparel,Women's Leggings,2026-04-01,14,34.99,14.87,489.86,208.18,281.68
Midwest,Chicago,Apparel,Wool Sweater,2026-04-01,20,54.99,24.2,1099.8,484.0,615.8
Midwest,Chicago,Beauty & Personal Care,Electric Toothbrush,2026-04-01,23,44.99,20.55,1034.77,472.65,562.12
Midwest,Chicago,Beauty & Personal Care,Facial Cleanser,2026-04-01,20,14.99,5.79,299.8,115.8,184.0
Midwest,Chicago,Beauty & Personal Care,Hair Dryer,2026-04-01,14,39.99,16.82,559.86,235.48,324.38
Midwest,Chicago,Beauty & Personal Care,Moisturizer,2026-04-01,16,18.99,7.47,303.84,119.52,184.32
Midwest,Chicago,Beauty & Personal Care,Perfume Set,2026-04-01,8,42.99,16.26,343.92,130.08,213.84
Midwest,Chicago,Electronics,Bluetooth Speaker,2026-04-01,18,44.99,28.08,809.82,505.44,304.38
Midwest,Chicago,Electronics,Portable Charger,2026-04-01,27,34.99,22.98,944.73,620.46,324.27
Midwest,Chicago,Electronics,Smartwatch,2026-04-01,22,119.99,79.76,2639.78,1754.72,885.06
Midwest,Chicago,Electronics,Tablet Stand,2026-04-01,16,24.99,15.1,399.84,241.6,158.24
Midwest,Chicago,Electronics,Wireless Earbuds,2026-04-01,20,59.99,39.27,1199.8,785.4,414.4
Midwest,Chicago,Home & Kitchen,Coffee Maker,2026-04-01,14,49.99,36.52,699.86,511.28,188.58
Midwest,Chicago,Home & Kitchen,LED Desk Lamp,2026-04-01,16,27.99,19.66,447.84,314.56,133.28
Midwest,Chicago,Home & Kitchen,Non-Stick Pan Set,2026-04-01,23,64.99,44.43,1494.77,1021.89,472.88
Midwest,Chicago,Home & Kitchen,Storage Bins (Set of 3),2026-04-01,7,22.99,17.12,160.93,119.84,41.09
Midwest,Chicago,Home & Kitchen,Throw Blanket,2026-04-01,12,29.99,19.96,359.88,239.52,120.36
Midwest,Chicago,Sports & Outdoors,Camping Tent,2026-04-01,16,129.99,77.36,2079.84,1237.76,842.08
Midwest,Chicago,Sports & Outdoors,Hiking Backpack,2026-04-01,22,74.99,40.62,1649.78,893.64,756.14
Midwest,Chicago,Sports & Outdoors,Resistance Bands,2026-04-01,18,19.99,9.72,359.82,174.96,184.86
Midwest,Chicago,Sports & Outdoors,Water Bottle,2026-04-01,12,16.99,8.71,203.88,104.52,99.36
Midwest,Chicago,Sports & Outdoors,Yoga Mat,2026-04-01,15,24.99,13.26,374.85,198.9,175.95
Northeast,Boston,Apparel,Denim Jacket,2026-04-01,20,69.99,33.83,1399.8,676.6,723.2
Northeast,Boston,Apparel,Men's T-Shirt,2026-04-01,30,19.99,9.04,599.7,271.2,328.5
Northeast,Boston,Apparel,Running Shoes,2026-04-01,10,79.99,40.28,799.9,402.8,397.1
Northeast,Boston,Apparel,Women's Leggings,2026-04-01,21,34.99,14.39,734.79,302.19,432.6
Northeast,Boston,Apparel,Wool Sweater,2026-04-01,27,54.99,23.89,1484.73,645.03,839.7
Northeast,Boston,Beauty & Personal Care,Electric Toothbrush,2026-04-01,22,44.99,20.57,989.78,452.54,537.24
Northeast,Boston,Beauty & Personal Care,Facial Cleanser,2026-04-01,17,14.99,5.85,254.83,99.45,155.38
Northeast,Boston,Beauty & Personal Care,Hair Dryer,2026-04-01,18,39.99,16.57,719.82,298.26,421.56
Northeast,Boston,Beauty & Personal Care,Moisturizer,2026-04-01,17,18.99,7.73,322.83,131.41,191.42
Northeast,Boston,Beauty & Personal Care,Perfume Set,2026-04-01,14,42.99,15.6,601.86,218.4,383.46
Northeast,Boston,Electronics,Bluetooth Speaker,2026-04-01,17,44.99,27.86,764.83,473.62,291.21
Northeast,Boston,Electronics,Portable Charger,2026-04-01,26,34.99,22.74,909.74,591.24,318.5
Northeast,Boston,Electronics,Smartwatch,2026-04-01,18,119.99,83.52,2159.82,1503.36,656.46
Northeast,Boston,Electronics,Tablet Stand,2026-04-01,25,24.99,15.38,624.75,384.5,240.25
Northeast,Boston,Electronics,Wireless Earbuds,2026-04-01,16,59.99,39.79,959.84,636.64,323.2
Northeast,Boston,Home & Kitchen,Coffee Maker,2026-04-01,33,49.99,36.24,1649.67,1195.92,453.75
Northeast,Boston,Home & Kitchen,LED Desk Lamp,2026-04-01,31,27.99,20.29,867.69,628.99,238.7
Northeast,Boston,Home & Kitchen,Non-Stick Pan Set,2026-04-01,22,64.99,44.65,1429.78,982.3,447.48
Northeast,Boston,Home & Kitchen,Storage Bins (Set of 3),2026-04-01,18,22.99,16.55,413.82,297.9,115.92
Northeast,Boston,Home & Kitchen,Throw Blanket,2026-04-01,17,29.99,19.87,509.83,337.79,172.04
Northeast,Boston,Sports & Outdoors,Camping Tent,2026-04-01,26,129.99,76.6,3379.74,1991.6,1388.14
Northeast,Boston,Sports & Outdoors,Hiking Backpack,2026-04-01,17,74.99,40.86,1274.83,694.62,580.21
Northeast,Boston,Sports & Outdoors,Resistance Bands,2026-04-01,21,19.99,9.45,419.79,198.45,221.34
Northeast,Boston,Sports & Outdoors,Water Bottle,2026-04-01,18,16.99,8.58,305.82,154.44,151.38
Northeast,Boston,Sports & Outdoors,Yoga Mat,2026-04-01,10,24.99,13.1,249.9,131.0,118.9
Northeast,New York,Apparel,Denim Jacket,2026-04-01,12,69.99,33.18,839.88,398.16,441.72
Northeast,New York,Apparel,Men's T-Shirt,2026-04-01,16,19.99,9.11,319.84,145.76,174.08
Northeast,New York,Apparel,Running Shoes,2026-04-01,12,79.99,39.13,959.88,469.56,490.32
Northeast,New York,Apparel,Women's Leggings,2026-04-01,10,34.99,15.03,349.9,150.3,199.6
Northeast,New York,Apparel,Wool Sweater,2026-04-01,9,54.99,24.1,494.91,216.9,278.01
Northeast,New York,Beauty & Personal Care,Electric Toothbrush,2026-04-01,14,44.99,20.63,629.86,288.82,341.04
Northeast,New York,Beauty & Personal Care,Facial Cleanser,2026-04-01,18,14.99,5.86,269.82,105.48,164.34
Northeast,New York,Beauty & Personal Care,Hair Dryer,2026-04-01,17,39.99,16.93,679.83,287.81,392.02
Northeast,New York,Beauty & Personal Care,Moisturizer,2026-04-01,6,18.99,7.47,113.94,44.82,69.12
Northeast,New York,Beauty & Personal Care,Perfume Set,2026-04-01,14,42.99,15.55,601.86,217.7,384.16
Northeast,New York,Electronics,Bluetooth Speaker,2026-04-01,9,44.99,27.93,404.91,251.37,153.54
Northeast,New York,Electronics,Portable Charger,2026-04-01,10,34.99,21.93,349.9,219.3,130.6
Northeast,New York,Electronics,Smartwatch,2026-04-01,14,119.99,82.89,1679.86,1160.46,519.4
Northeast,New York,Electronics,Tablet Stand,2026-04-01,13,24.99,15.07,324.87,195.91,128.96
Northeast,New York,Electronics,Wireless Earbuds,2026-04-01,10,59.99,39.5,599.9,395.0,204.9
Northeast,New York,Home & Kitchen,Coffee Maker,2026-04-01,13,49.99,36.36,649.87,472.68,177.19
Northeast,New York,Home & Kitchen,LED Desk Lamp,2026-04-01,10,27.99,19.51,279.9,195.1,84.8
Northeast,New York,Home & Kitchen,Non-Stick Pan Set,2026-04-01,16,64.99,45.38,1039.84,726.08,313.76
Northeast,New York,Home & Kitchen,Storage Bins (Set of 3),2026-04-01,18,22.99,16.9,413.82,304.2,109.62
Northeast,New York,Home & Kitchen,Throw Blanket,2026-04-01,11,29.99,20.86,329.89,229.46,100.43
Northeast,New York,Sports & Outdoors,Camping Tent,2026-04-01,9,129.99,76.96,1169.91,692.64,477.27
Northeast,New York,Sports & Outdoors,Hiking Backpack,2026-04-01,9,74.99,40.73,674.91,366.57,308.34
Northeast,New York,Sports & Outdoors,Resistance Bands,2026-04-01,16,19.99,9.55,319.84,152.8,167.04
Northeast,New York,Sports & Outdoors,Water Bottle,2026-04-01,11,16.99,8.36,186.89,91.96,94.93
Northeast,New York,Sports & Outdoors,Yoga Mat,2026-04-01,15,24.99,12.87,374.85,193.05,181.8
Southeast,Atlanta,Apparel,Denim Jacket,2026-04-01,14,69.99,33.29,979.86,466.06,513.8
Southeast,Atlanta,Apparel,Men's T-Shirt,2026-04-01,11,19.99,8.93,219.89,98.23,121.66
Southeast,Atlanta,Apparel,Running Shoes,2026-04-01,8,79.99,39.13,639.92,313.04,326.88
Southeast,Atlanta,Apparel,Women's Leggings,2026-04-01,11,34.99,14.38,384.89,158.18,226.71
Southeast,Atlanta,Apparel,Wool Sweater,2026-04-01,8,54.99,24.08,439.92,192.64,247.28
Southeast,Atlanta,Beauty & Personal Care,Electric Toothbrush,2026-04-01,12,44.99,20.41,539.88,244.92,294.96
Southeast,Atlanta,Beauty & Personal Care,Facial Cleanser,2026-04-01,21,14.99,5.74,314.79,120.54,194.25
Southeast,Atlanta,Beauty & Personal Care,Hair Dryer,2026-04-01,12,39.99,16.62,479.88,199.44,280.44
Southeast,Atlanta,Beauty & Personal Care,Moisturizer,2026-04-01,7,18.99,7.76,132.93,54.32,78.61
Southeast,Atlanta,Beauty & Personal Care,Perfume Set,2026-04-01,13,42.99,16.15,558.87,209.95,348.92
Southeast,Atlanta,Electronics,Bluetooth Speaker,2026-04-01,10,44.99,28.18,449.9,281.8,168.1
Southeast,Atlanta,Electronics,Portable Charger,2026-04-01,11,34.99,22.03,384.89,242.33,142.56
Southeast,Atlanta,Electronics,Smartwatch,2026-04-01,9,119.99,83.7,1079.91,753.3,326.61
Southeast,Atlanta,Electronics,Tablet Stand,2026-04-01,15,24.99,14.99,374.85,224.85,150.0
Southeast,Atlanta,Electronics,Wireless Earbuds,2026-04-01,14,59.99,38.45,839.86,538.3,301.56
Southeast,Atlanta,Home & Kitchen,Coffee Maker,2026-04-01,17,49.99,35.82,849.83,608.94,240.89
Southeast,Atlanta,Home & Kitchen,LED Desk Lamp,2026-04-01,12,27.99,20.34,335.88,244.08,91.8
Southeast,Atlanta,Home & Kitchen,Non-Stick Pan Set,2026-04-01,15,64.99,46.84,974.85,702.6,272.25
Southeast,Atlanta,Home & Kitchen,Storage Bins (Set of 3),2026-04-01,8,22.99,16.68,183.92,133.44,50.48
Southeast,Atlanta,Home & Kitchen,Throw Blanket,2026-04-01,11,29.99,20.1,329.89,221.1,108.79
Southeast,Atlanta,Sports & Outdoors,Camping Tent,2026-04-01,16,129.99,74.59,2079.84,1193.44,886.4
Southeast,Atlanta,Sports & Outdoors,Hiking Backpack,2026-04-01,14,74.99,42.24,1049.86,591.36,458.5
Southeast,Atlanta,Sports & Outdoors,Resistance Bands,2026-04-01,15,19.99,9.54,299.85,143.1,156.75
Southeast,Atlanta,Sports & Outdoors,Water Bottle,2026-04-01,8,16.99,8.46,135.92,67.68,68.24
Southeast,Atlanta,Sports & Outdoors,Yoga Mat,2026-04-01,17,24.99,12.91,424.83,219.47,205.36
Southeast,Miami,Apparel,Denim Jacket,2026-04-01,9,69.99,32.74,629.91,294.66,335.25
Southeast,Miami,Apparel,Men's T-Shirt,2026-04-01,11,19.99,8.92,219.89,98.12,121.77
Southeast,Miami,Apparel,Running Shoes,2026-04-01,10,79.99,40.28,799.9,402.8,397.1
Southeast,Miami,Apparel,Women's Leggings,2026-04-01,13,34.99,15.0,454.87,195.0,259.87
Southeast,Miami,Apparel,Wool Sweater,2026-04-01,6,54.99,23.59,329.94,141.54,188.4
Southeast,Miami,Beauty & Personal Care,Electric Toothbrush,2026-04-01,13,44.99,20.47,584.87,266.11,318.76
Southeast,Miami,Beauty & Personal Care,Facial Cleanser,2026-04-01,17,14.99,5.84,254.83,99.28,155.55
Southeast,Miami,Beauty & Personal Care,Hair Dryer,2026-04-01,16,39.99,17.11,639.84,273.76,366.08
Southeast,Miami,Beauty & Personal Care,Moisturizer,2026-04-01,11,18.99,7.41,208.89,81.51,127.38
Southeast,Miami,Beauty & Personal Care,Perfume Set,2026-04-01,15,42.99,15.88,644.85,238.2,406.65
Southeast,Miami,Electronics,Bluetooth Speaker,2026-04-01,10,44.99,28.42,449.9,284.2,165.7
Southeast,Miami,Electronics,Portable Charger,2026-04-01,13,34.99,22.52,454.87,292.76,162.11
Southeast,Miami,Electronics,Smartwatch,2026-04-01,9,119.99,79.44,1079.91,714.96,364.95
Southeast,Miami,Electronics,Tablet Stand,2026-04-01,11,24.99,14.64,274.89,161.04,113.85
Southeast,Miami,Electronics,Wireless Earbuds,2026-04-01,11,59.99,38.91,659.89,428.01,231.88
Southeast,Miami,Home & Kitchen,Coffee Maker,2026-04-01,12,49.99,36.63,599.88,439.56,160.32
Southeast,Miami,Home & Kitchen,LED Desk Lamp,2026-04-01,20,27.99,20.16,559.8,403.2,156.6
Southeast,Miami,Home & Kitchen,Non-Stick Pan Set,2026-04-01,5,64.99,45.35,324.95,226.75,98.2
Southeast,Miami,Home & Kitchen,Storage Bins (Set of 3),2026-04-01,11,22.99,17.01,252.89,187.11,65.78
Southeast,Miami,Home & Kitchen,Throw Blanket,2026-04-01,10,29.99,20.76,299.9,207.6,92.3
Southeast,Miami,Sports & Outdoors,Camping Tent,2026-04-01,15,129.99,74.78,1949.85,1121.7,828.15
Southeast,Miami,Sports & Outdoors,Hiking Backpack,2026-04-01,14,74.99,42.47,1049.86,594.58,455.28
Southeast,Miami,Sports & Outdoors,Resistance Bands,2026-04-01,9,19.99,9.43,179.91,84.87,95.04
Southeast,Miami,Sports & Outdoors,Water Bottle,2026-04-01,9,16.99,8.68,152.91,78.12,74.79
Southeast,Miami,Sports & Outdoors,Yoga Mat,2026-04-01,9,24.99,13.3,224.91,119.7,105.21
Southwest,Dallas,Apparel,Denim Jacket,2026-04-01,13,69.99,33.74,909.87,438.62,471.25
Southwest,Dallas,Apparel,Men's T-Shirt,2026-04-01,4,19.99,8.95,79.96,35.8,44.16
Southwest,Dallas,Apparel,Running Shoes,2026-04-01,12,79.99,38.85,959.88,466.2,493.68
Southwest,Dallas,Apparel,Women's Leggings,2026-04-01,13,34.99,14.53,454.87,188.89,265.98
Southwest,Dallas,Apparel,Wool Sweater,2026-04-01,13,54.99,23.82,714.87,309.66,405.21
Southwest,Dallas,Beauty & Personal Care,Electric Toothbrush,2026-04-01,6,44.99,20.74,269.94,124.44,145.5
Southwest,Dallas,Beauty & Personal Care,Facial Cleanser,2026-04-01,21,14.99,5.71,314.79,119.91,194.88
Southwest,Dallas,Beauty & Personal Care,Hair Dryer,2026-04-01,10,39.99,17.05,399.9,170.5,229.4
Southwest,Dallas,Beauty & Personal Care,Moisturizer,2026-04-01,10,18.99,7.72,189.9,77.2,112.7
Southwest,Dallas,Beauty & Personal Care,Perfume Set,2026-04-01,18,42.99,16.29,773.82,293.22,480.6
Southwest,Dallas,Electronics,Bluetooth Speaker,2026-04-01,14,44.99,27.18,629.86,380.52,249.34
Southwest,Dallas,Electronics,Portable Charger,2026-04-01,13,34.99,21.89,454.87,284.57,170.3
Southwest,Dallas,Electronics,Smartwatch,2026-04-01,15,119.99,82.13,1799.85,1231.95,567.9
Southwest,Dallas,Electronics,Tablet Stand,2026-04-01,17,24.99,14.75,424.83,250.75,174.08
Southwest,Dallas,Electronics,Wireless Earbuds,2026-04-01,10,59.99,38.01,599.9,380.1,219.8
Southwest,Dallas,Home & Kitchen,Coffee Maker,2026-04-01,15,49.99,35.6,749.85,534.0,215.85
Southwest,Dallas,Home & Kitchen,LED Desk Lamp,2026-04-01,16,27.99,19.93,447.84,318.88,128.96
Southwest,Dallas,Home & Kitchen,Non-Stick Pan Set,2026-04-01,11,64.99,45.86,714.89,504.46,210.43
Southwest,Dallas,Home & Kitchen,Storage Bins (Set of 3),2026-04-01,9,22.99,16.42,206.91,147.78,59.13
Southwest,Dallas,Home & Kitchen,Throw Blanket,2026-04-01,8,29.99,20.3,239.92,162.4,77.52
Southwest,Dallas,Sports & Outdoors,Camping Tent,2026-04-01,4,129.99,77.42,519.96,309.68,210.28
Southwest,Dallas,Sports & Outdoors,Hiking Backpack,2026-04-01,2,74.99,41.22,149.98,82.44,67.54
Southwest,Dallas,Sports & Outdoors,Resistance Bands,2026-04-01,4,19.99,9.77,79.96,39.08,40.88
Southwest,Dallas,Sports & Outdoors,Water Bottle,2026-04-01,4,16.99,8.61,67.96,34.44,33.52
Southwest,Dallas,Sports & Outdoors,Yoga Mat,2026-04-01,4,24.99,12.63,99.96,50.52,49.44
West,Los Angeles,Apparel,Denim Jacket,2026-04-01,11,69.99,34.51,769.89,379.61,390.28
West,Los Angeles,Apparel,Men's T-Shirt,2026-04-01,15,19.99,9.0,299.85,135.0,164.85
West,Los Angeles,Apparel,Running Shoes,2026-04-01,14,79.99,39.27,1119.86,549.78,570.08
West,Los Angeles,Apparel,Women's Leggings,2026-04-01,15,34.99,15.03,524.85,225.45,299.4
West,Los Angeles,Apparel,Wool Sweater,2026-04-01,21,54.99,24.05,1154.79,505.05,649.74
West,Los Angeles,Beauty & Personal Care,Electric Toothbrush,2026-04-01,14,44.99,20.68,629.86,289.52,340.34
West,Los Angeles,Beauty & Personal Care,Facial Cleanser,2026-04-01,12,14.99,5.85,179.88,70.2,109.68
West,Los Angeles,Beauty & Personal Care,Hair Dryer,2026-04-01,16,39.99,16.67,639.84,266.72,373.12
West,Los Angeles,Beauty & Personal Care,Moisturizer,2026-04-01,13,18.99,7.43,246.87,96.59,150.28
West,Los Angeles,Beauty & Personal Care,Perfume Set,2026-04-01,11,42.99,16.03,472.89,176.33,296.56
West,Los Angeles,Electronics,Bluetooth Speaker,2026-04-01,26,44.99,27.46,1169.74,713.96,455.78
West,Los Angeles,Electronics,Portable Charger,2026-04-01,6,34.99,21.83,209.94,130.98,78.96
West,Los Angeles,Electronics,Smartwatch,2026-04-01,18,119.99,80.33,2159.82,1445.94,713.88
West,Los Angeles,Electronics,Tablet Stand,2026-04-01,13,24.99,14.91,324.87,193.83,131.04
West,Los Angeles,Electronics,Wireless Earbuds,2026-04-01,14,59.99,38.91,839.86,544.74,295.12
West,Los Angeles,Home & Kitchen,Coffee Maker,2026-04-01,15,49.99,36.2,749.85,543.0,206.85
West,Los Angeles,Home & Kitchen,LED Desk Lamp,2026-04-01,12,27.99,20.39,335.88,244.68,91.2
West,Los Angeles,Home & Kitchen,Non-Stick Pan Set,2026-04-01,13,64.99,44.76,844.87,581.88,262.99
West,Los Angeles,Home & Kitchen,Storage Bins (Set of 3),2026-04-01,12,22.99,17.12,275.88,205.44,70.44
West,Los Angeles,Home & Kitchen,Throw Blanket,2026-04-01,15,29.99,20.38,449.85,305.7,144.15
West,Los Angeles,Sports & Outdoors,Camping Tent,2026-04-01,12,129.99,74.24,1559.88,890.88,669.0
West,Los Angeles,Sports & Outdoors,Hiking Backpack,2026-04-01,17,74.99,40.15,1274.83,682.55,592.28
West,Los Angeles,Sports & Outdoors,Resistance Bands,2026-04-01,20,19.99,9.38,399.8,187.6,212.2
West,Los Angeles,Sports & Outdoors,Water Bottle,2026-04-01,17,16.99,8.39,288.83,142.63,146.2
West,Los Angeles,Sports & Outdoors,Yoga Mat,2026-04-01,13,24.99,12.77,324.87,166.01,158.86
West,Seattle,Apparel,Denim Jacket,2026-04-01,17,69.99,33.34,1189.83,566.78,623.05
West,Seattle,Apparel,Men's T-Shirt,2026-04-01,8,19.99,9.2,159.92,73.6,86.32
West,Seattle,Apparel,Running Shoes,2026-04-01,22,79.99,39.18,1759.78,861.96,897.82
West,Seattle,Apparel,Women's Leggings,2026-04-01,19,34.99,14.84,664.81,281.96,382.85
West,Seattle,Apparel,Wool Sweater,2026-04-01,16,54.99,24.36,879.84,389.76,490.08
West,Seattle,Beauty & Personal Care,Electric Toothbrush,2026-04-01,13,44.99,20.79,584.87,270.27,314.6
West,Seattle,Beauty & Personal Care,Facial Cleanser,2026-04-01,16,14.99,5.86,239.84,93.76,146.08
West,Seattle,Beauty & Personal Care,Hair Dryer,2026-04-01,20,39.99,16.58,799.8,331.6,468.2
West,Seattle,Beauty & Personal Care,Moisturizer,2026-04-01,12,18.99,7.77,227.88,93.24,134.64
West,Seattle,Beauty & Personal Care,Perfume Set,2026-04-01,24,42.99,15.88,1031.76,381.12,650.64
West,Seattle,Electronics,Bluetooth Speaker,2026-04-01,16,44.99,28.12,719.84,449.92,269.92
West,Seattle,Electronics,Portable Charger,2026-04-01,25,34.99,22.24,874.75,556.0,318.75
West,Seattle,Electronics,Smartwatch,2026-04-01,15,119.99,80.82,1799.85,1212.3,587.55
West,Seattle,Electronics,Tablet Stand,2026-04-01,24,24.99,14.88,599.76,357.12,242.64
West,Seattle,Electronics,Wireless Earbuds,2026-04-01,20,59.99,39.95,1199.8,799.0,400.8
West,Seattle,Home & Kitchen,Coffee Maker,2026-04-01,13,49.99,36.62,649.87,476.06,173.81
West,Seattle,Home & Kitchen,LED Desk Lamp,2026-04-01,10,27.99,19.98,279.9,199.8,80.1
West,Seattle,Home & Kitchen,Non-Stick Pan Set,2026-04-01,15,64.99,46.03,974.85,690.45,284.4
West,Seattle,Home & Kitchen,Storage Bins (Set of 3),2026-04-01,13,22.99,16.57,298.87,215.41,83.46
West,Seattle,Home & Kitchen,Throw Blanket,2026-04-01,21,29.99,20.21,629.79,424.41,205.38
West,Seattle,Sports & Outdoors,Camping Tent,2026-04-01,14,129.99,76.7,1819.86,1073.8,746.06
West,Seattle,Sports & Outdoors,Hiking Backpack,2026-04-01,17,74.99,42.3,1274.83,719.1,555.73
West,Seattle,Sports & Outdoors,Resistance Bands,2026-04-01,17,19.99,9.75,339.83,165.75,174.08
West,Seattle,Sports & Outdoors,Water Bottle,2026-04-01,20,16.99,8.33,339.8,166.6,173.2
West,Seattle,Sports & Outdoors,Yoga Mat,2026-04-01,15,24.99,12.96,374.85,194.4,180.45
Midwest,Chicago,Apparel,Denim Jacket,2026-05-01,19,69.99,34.43,1329.81,654.17,675.64
Midwest,Chicago,Apparel,Men's T-Shirt,2026-05-01,15,19.99,8.93,299.85,133.95,165.9
Midwest,Chicago,Apparel,Running Shoes,2026-05-01,9,79.99,40.07,719.91,360.63,359.28
Midwest,Chicago,Apparel,Women's Leggings,2026-05-01,19,34.99,14.65,664.81,278.35,386.46
Midwest,Chicago,Apparel,Wool Sweater,2026-05-01,15,54.99,24.18,824.85,362.7,462.15
Midwest,Chicago,Beauty & Personal Care,Electric Toothbrush,2026-05-01,21,44.99,20.14,944.79,422.94,521.85
Midwest,Chicago,Beauty & Personal Care,Facial Cleanser,2026-05-01,15,14.99,5.67,224.85,85.05,139.8
Midwest,Chicago,Beauty & Personal Care,Hair Dryer,2026-05-01,11,39.99,17.24,439.89,189.64,250.25
Midwest,Chicago,Beauty & Personal Care,Moisturizer,2026-05-01,11,18.99,7.75,208.89,85.25,123.64
Midwest,Chicago,Beauty & Personal Care,Perfume Set,2026-05-01,12,42.99,15.95,515.88,191.4,324.48
Midwest,Chicago,Electronics,Bluetooth Speaker,2026-05-01,17,44.99,27.95,764.83,475.15,289.68
Midwest,Chicago,Electronics,Portable Charger,2026-05-01,13,34.99,22.99,454.87,298.87,156.0
Midwest,Chicago,Electronics,Smartwatch,2026-05-01,15,119.99,82.13,1799.85,1231.95,567.9
Midwest,Chicago,Electronics,Tablet Stand,2026-05-01,16,24.99,14.92,399.84,238.72,161.12
Midwest,Chicago,Electronics,Wireless Earbuds,2026-05-01,18,59.99,38.28,1079.82,689.04,390.78
Midwest,Chicago,Home & Kitchen,Coffee Maker,2026-05-01,12,49.99,36.86,599.88,442.32,157.56
Midwest,Chicago,Home & Kitchen,LED Desk Lamp,2026-05-01,14,27.99,20.3,391.86,284.2,107.66
Midwest,Chicago,Home & Kitchen,Non-Stick Pan Set,2026-05-01,3,64.99,46.19,194.97,138.57,56.4
Midwest,Chicago,Home & Kitchen,Storage Bins (Set of 3),2026-05-01,14,22.99,17.22,321.86,241.08,80.78
Midwest,Chicago,Home & Kitchen,Throw Blanket,2026-05-01,8,29.99,20.53,239.92,164.24,75.68
Midwest,Chicago,Sports & Outdoors,Camping Tent,2026-05-01,8,129.99,75.05,1039.92,600.4,439.52
Midwest,Chicago,Sports & Outdoors,Hiking Backpack,2026-05-01,19,74.99,41.74,1424.81,793.06,631.75
Midwest,Chicago,Sports & Outdoors,Resistance Bands,2026-05-01,20,19.99,9.65,399.8,193.0,206.8
Midwest,Chicago,Sports & Outdoors,Water Bottle,2026-05-01,13,16.99,8.37,220.87,108.81,112.06
Midwest,Chicago,Sports & Outdoors,Yoga Mat,2026-05-01,14,24.99,12.86,349.86,180.04,169.82
Northeast,Boston,Apparel,Denim Jacket,2026-05-01,7,69.99,32.68,489.93,228.76,261.17
Northeast,Boston,Apparel,Men's T-Shirt,2026-05-01,11,19.99,8.76,219.89,96.36,123.53
Northeast,Boston,Apparel,Running Shoes,2026-05-01,18,79.99,38.84,1439.82,699.12,740.7
Northeast,Boston,Apparel,Women's Leggings,2026-05-01,22,34.99,14.84,769.78,326.48,443.3
Northeast,Boston,Apparel,Wool Sweater,2026-05-01,16,54.99,24.84,879.84,397.44,482.4
Northeast,Boston,Beauty & Personal Care,Electric Toothbrush,2026-05-01,18,44.99,19.7,809.82,354.6,455.22
Northeast,Boston,Beauty & Personal Care,Facial Cleanser,2026-05-01,12,14.99,5.6,179.88,67.2,112.68
Northeast,Boston,Beauty & Personal Care,Hair Dryer,2026-05-01,7,39.99,16.44,279.93,115.08,164.85
Northeast,Boston,Beauty & Personal Care,Moisturizer,2026-05-01,32,18.99,7.67,607.68,245.44,362.24
Northeast,Boston,Beauty & Personal Care,Perfume Set,2026-05-01,17,42.99,15.86,730.83,269.62,461.21
Northeast,Boston,Electronics,Bluetooth Speaker,2026-05-01,18,44.99,27.14,809.82,488.52,321.3
Northeast,Boston,Electronics,Portable Charger,2026-05-01,17,34.99,21.91,594.83,372.47,222.36
Northeast,Boston,Electronics,Smartwatch,2026-05-01,15,119.99,80.98,1799.85,1214.7,585.15
Northeast,Boston,Electronics,Tablet Stand,2026-05-01,15,24.99,14.6,374.85,219.0,155.85
Northeast,Boston,Electronics,Wireless Earbuds,2026-05-01,12,59.99,38.01,719.88,456.12,263.76
Northeast,Boston,Home & Kitchen,Coffee Maker,2026-05-01,15,49.99,35.62,749.85,534.3,215.55
Northeast,Boston,Home & Kitchen,LED Desk Lamp,2026-05-01,13,27.99,19.61,363.87,254.93,108.94
Northeast,Boston,Home & Kitchen,Non-Stick Pan Set,2026-05-01,13,64.99,46.49,844.87,604.37,240.5
Northeast,Boston,Home & Kitchen,Storage Bins (Set of 3),2026-05-01,18,22.99,16.32,413.82,293.76,120.06
Northeast,Boston,Home & Kitchen,Throw Blanket,2026-05-01,12,29.99,20.22,359.88,242.64,117.24
Northeast,Boston,Sports & Outdoors,Camping Tent,2026-05-01,16,129.99,77.56,2079.84,1240.96,838.88
Northeast,Boston,Sports & Outdoors,Hiking Backpack,2026-05-01,18,74.99,41.61,1349.82,748.98,600.84
Northeast,Boston,Sports & Outdoors,Resistance Bands,2026-05-01,26,19.99,9.4,519.74,244.4,275.34
Northeast,Boston,Sports & Outdoors,Water Bottle,2026-05-01,18,16.99,8.25,305.82,148.5,157.32
Northeast,Boston,Sports & Outdoors,Yoga Mat,2026-05-01,17,24.99,13.14,424.83,223.38,201.45
Northeast,New York,Apparel,Denim Jacket,2026-05-01,13,69.99,33.19,909.87,431.47,478.4
Northeast,New York,Apparel,Men's T-Shirt,2026-05-01,9,19.99,8.81,179.91,79.29,100.62
Northeast,New York,Apparel,Running Shoes,2026-05-01,11,79.99,39.23,879.89,431.53,448.36
Northeast,New York,Apparel,Women's Leggings,2026-05-01,12,34.99,14.66,419.88,175.92,243.96
Northeast,New York,Apparel,Wool Sweater,2026-05-01,9,54.99,24.86,494.91,223.74,271.17
Northeast,New York,Beauty & Personal Care,Electric Toothbrush,2026-05-01,11,44.99,19.76,494.89,217.36,277.53
Northeast,New York,Beauty & Personal Care,Facial Cleanser,2026-05-01,19,14.99,5.56,284.81,105.64,179.17
Northeast,New York,Beauty & Personal Care,Hair Dryer,2026-05-01,9,39.99,16.44,359.91,147.96,211.95
Northeast,New York,Beauty & Personal Care,Moisturizer,2026-05-01,14,18.99,7.52,265.86,105.28,160.58
Northeast,New York,Beauty & Personal Care,Perfume Set,2026-05-01,18,42.99,15.95,773.82,287.1,486.72
Northeast,New York,Electronics,Bluetooth Speaker,2026-05-01,11,44.99,28.7,494.89,315.7,179.19
Northeast,New York,Electronics,Portable Charger,2026-05-01,5,34.99,22.03,174.95,110.15,64.8
Northeast,New York,Electronics,Smartwatch,2026-05-01,12,119.99,83.19,1439.88,998.28,441.6
Northeast,New York,Electronics,Tablet Stand,2026-05-01,12,24.99,14.6,299.88,175.2,124.68
Northeast,New York,Electronics,Wireless Earbuds,2026-05-01,9,59.99,39.79,539.91,358.11,181.8
Northeast,New York,Home & Kitchen,Coffee Maker,2026-05-01,8,49.99,36.14,399.92,289.12,110.8
Northeast,New York,Home & Kitchen,LED Desk Lamp,2026-05-01,13,27.99,19.65,363.87,255.45,108.42
Northeast,New York,Home & Kitchen,Non-Stick Pan Set,2026-05-01,9,64.99,46.79,584.91,421.11,163.8
Northeast,New York,Home & Kitchen,Storage Bins (Set of 3),2026-05-01,12,22.99,16.74,275.88,200.88,75.0
Northeast,New York,Home & Kitchen,Throw Blanket,2026-05-01,12,29.99,19.93,359.88,239.16,120.72
Northeast,New York,Sports & Outdoors,Camping Tent,2026-05-01,14,129.99,73.4,1819.86,1027.6,792.26
Northeast,New York,Sports & Outdoors,Hiking Backpack,2026-05-01,13,74.99,41.47,974.87,539.11,435.76
Northeast,New York,Sports & Outdoors,Resistance Bands,2026-05-01,8,19.99,9.62,159.92,76.96,82.96
Northeast,New York,Sports & Outdoors,Water Bottle,2026-05-01,11,16.99,8.64,186.89,95.04,91.85
Northeast,New York,Sports & Outdoors,Yoga Mat,2026-05-01,13,24.99,12.88,324.87,167.44,157.43
Southeast,Atlanta,Apparel,Denim Jacket,2026-05-01,12,69.99,33.02,839.88,396.24,443.64
Southeast,Atlanta,Apparel,Men's T-Shirt,2026-05-01,16,19.99,9.02,319.84,144.32,175.52
Southeast,Atlanta,Apparel,Running Shoes,2026-05-01,12,79.99,41.11,959.88,493.32,466.56
Southeast,Atlanta,Apparel,Women's Leggings,2026-05-01,12,34.99,15.05,419.88,180.6,239.28
Southeast,Atlanta,Apparel,Wool Sweater,2026-05-01,16,54.99,24.25,879.84,388.0,491.84
Southeast,Atlanta,Beauty & Personal Care,Electric Toothbrush,2026-05-01,16,44.99,20.39,719.84,326.24,393.6
Southeast,Atlanta,Beauty & Personal Care,Facial Cleanser,2026-05-01,16,14.99,5.56,239.84,88.96,150.88
Southeast,Atlanta,Beauty & Personal Care,Hair Dryer,2026-05-01,17,39.99,16.5,679.83,280.5,399.33
Southeast,Atlanta,Beauty & Personal Care,Moisturizer,2026-05-01,14,18.99,7.8,265.86,109.2,156.66
Southeast,Atlanta,Beauty & Personal Care,Perfume Set,2026-05-01,9,42.99,16.18,386.91,145.62,241.29
Southeast,Atlanta,Electronics,Bluetooth Speaker,2026-05-01,19,44.99,27.07,854.81,514.33,340.48
Southeast,Atlanta,Electronics,Portable Charger,2026-05-01,13,34.99,22.25,454.87,289.25,165.62
Southeast,Atlanta,Electronics,Smartwatch,2026-05-01,14,119.99,80.12,1679.86,1121.68,558.18
Southeast,Atlanta,Electronics,Tablet Stand,2026-05-01,14,24.99,14.63,349.86,204.82,145.04
Southeast,Atlanta,Electronics,Wireless Earbuds,2026-05-01,19,59.99,38.52,1139.81,731.88,407.93
Southeast,Atlanta,Home & Kitchen,Coffee Maker,2026-05-01,10,49.99,35.68,499.9,356.8,143.1
Southeast,Atlanta,Home & Kitchen,LED Desk Lamp,2026-05-01,17,27.99,20.4,475.83,346.8,129.03
Southeast,Atlanta,Home & Kitchen,Non-Stick Pan Set,2026-05-01,18,64.99,44.28,1169.82,797.04,372.78
Southeast,Atlanta,Home & Kitchen,Storage Bins (Set of 3),2026-05-01,14,22.99,16.4,321.86,229.6,92.26
Southeast,Atlanta,Home & Kitchen,Throw Blanket,2026-05-01,14,29.99,20.56,419.86,287.84,132.02
Southeast,Atlanta,Sports & Outdoors,Camping Tent,2026-05-01,12,129.99,73.99,1559.88,887.88,672.0
Southeast,Atlanta,Sports & Outdoors,Hiking Backpack,2026-05-01,16,74.99,41.69,1199.84,667.04,532.8
Southeast,Atlanta,Sports & Outdoors,Resistance Bands,2026-05-01,15,19.99,9.49,299.85,142.35,157.5
Southeast,Atlanta,Sports & Outdoors,Water Bottle,2026-05-01,18,16.99,8.28,305.82,149.04,156.78
Southeast,Atlanta,Sports & Outdoors,Yoga Mat,2026-05-01,18,24.99,12.9,449.82,232.2,217.62
Southeast,Miami,Apparel,Denim Jacket,2026-05-01,12,69.99,32.64,839.88,391.68,448.2
Southeast,Miami,Apparel,Men's T-Shirt,2026-05-01,14,19.99,8.94,279.86,125.16,154.7
Southeast,Miami,Apparel,Running Shoes,2026-05-01,9,79.99,39.15,719.91,352.35,367.56
Southeast,Miami,Apparel,Women's Leggings,2026-05-01,17,34.99,14.47,594.83,245.99,348.84
Southeast,Miami,Apparel,Wool Sweater,2026-05-01,11,54.99,23.59,604.89,259.49,345.4
Southeast,Miami,Beauty & Personal Care,Electric Toothbrush,2026-05-01,11,44.99,19.83,494.89,218.13,276.76
Southeast,Miami,Beauty & Personal Care,Facial Cleanser,2026-05-01,13,14.99,5.66,194.87,73.58,121.29
Southeast,Miami,Beauty & Personal Care,Hair Dryer,2026-05-01,10,39.99,17.12,399.9,171.2,228.7
Southeast,Miami,Beauty & Personal Care,Moisturizer,2026-05-01,10,18.99,7.41,189.9,74.1,115.8
Southeast,Miami,Beauty & Personal Care,Perfume Set,2026-05-01,12,42.99,15.69,515.88,188.28,327.6
Southeast,Miami,Electronics,Bluetooth Speaker,2026-05-01,12,44.99,27.18,539.88,326.16,213.72
Southeast,Miami,Electronics,Portable Charger,2026-05-01,9,34.99,22.11,314.91,198.99,115.92
Southeast,Miami,Electronics,Smartwatch,2026-05-01,9,119.99,80.46,1079.91,724.14,355.77
Southeast,Miami,Electronics,Tablet Stand,2026-05-01,10,24.99,15.38,249.9,153.8,96.1
Southeast,Miami,Electronics,Wireless Earbuds,2026-05-01,12,59.99,40.07,719.88,480.84,239.04
Southeast,Miami,Home & Kitchen,Coffee Maker,2026-05-01,11,49.99,35.91,549.89,395.01,154.88
Southeast,Miami,Home & Kitchen,LED Desk Lamp,2026-05-01,10,27.99,20.37,279.9,203.7,76.2
Southeast,Miami,Home & Kitchen,Non-Stick Pan Set,2026-05-01,13,64.99,46.46,844.87,603.98,240.89
Southeast,Miami,Home & Kitchen,Storage Bins (Set of 3),2026-05-01,13,22.99,16.85,298.87,219.05,79.82
Southeast,Miami,Home & Kitchen,Throw Blanket,2026-05-01,8,29.99,20.0,239.92,160.0,79.92
Southeast,Miami,Sports & Outdoors,Camping Tent,2026-05-01,13,129.99,75.11,1689.87,976.43,713.44
Southeast,Miami,Sports & Outdoors,Hiking Backpack,2026-05-01,6,74.99,41.98,449.94,251.88,198.06
Southeast,Miami,Sports & Outdoors,Resistance Bands,2026-05-01,15,19.99,9.86,299.85,147.9,151.95
Southeast,Miami,Sports & Outdoors,Water Bottle,2026-05-01,11,16.99,8.24,186.89,90.64,96.25
Southeast,Miami,Sports & Outdoors,Yoga Mat,2026-05-01,17,24.99,13.28,424.83,225.76,199.07
Southwest,Dallas,Apparel,Denim Jacket,2026-05-01,8,69.99,33.25,559.92,266.0,293.92
Southwest,Dallas,Apparel,Men's T-Shirt,2026-05-01,13,19.99,9.09,259.87,118.17,141.7
Southwest,Dallas,Apparel,Running Shoes,2026-05-01,18,79.99,38.96,1439.82,701.28,738.54
Southwest,Dallas,Apparel,Women's Leggings,2026-05-01,8,34.99,14.39,279.92,115.12,164.8
Southwest,Dallas,Apparel,Wool Sweater,2026-05-01,22,54.99,24.03,1209.78,528.66,681.12
Southwest,Dallas,Beauty & Personal Care,Electric Toothbrush,2026-05-01,10,44.99,20.55,449.9,205.5,244.4
Southwest,Dallas,Beauty & Personal Care,Facial Cleanser,2026-05-01,12,14.99,5.81,179.88,69.72,110.16
Southwest,Dallas,Beauty & Personal Care,Hair Dryer,2026-05-01,7,39.99,16.92,279.93,118.44,161.49
Southwest,Dallas,Beauty & Personal Care,Moisturizer,2026-05-01,17,18.99,7.61,322.83,129.37,193.46
Southwest,Dallas,Beauty & Personal Care,Perfume Set,2026-05-01,15,42.99,15.78,644.85,236.7,408.15
Southwest,Dallas,Electronics,Bluetooth Speaker,2026-05-01,10,44.99,27.52,449.9,275.2,174.7
Southwest,Dallas,Electronics,Portable Charger,2026-05-01,14,34.99,22.5,489.86,315.0,174.86
Southwest,Dallas,Electronics,Smartwatch,2026-05-01,9,119.99,82.48,1079.91,742.32,337.59
Southwest,Dallas,Electronics,Tablet Stand,2026-05-01,8,24.99,15.43,199.92,123.44,76.48
Southwest,Dallas,Electronics,Wireless Earbuds,2026-05-01,11,59.99,39.71,659.89,436.81,223.08
Southwest,Dallas,Home & Kitchen,Coffee Maker,2026-05-01,24,49.99,35.29,1199.76,846.96,352.8
Southwest,Dallas,Home & Kitchen,LED Desk Lamp,2026-05-01,19,27.99,20.01,531.81,380.19,151.62
Southwest,Dallas,Home & Kitchen,Non-Stick Pan Set,2026-05-01,19,64.99,45.91,1234.81,872.29,362.52
Southwest,Dallas,Home & Kitchen,Storage Bins (Set of 3),2026-05-01,10,22.99,16.88,229.9,168.8,61.1
Southwest,Dallas,Home & Kitchen,Throw Blanket,2026-05-01,9,29.99,20.08,269.91,180.72,89.19
Southwest,Dallas,Sports & Outdoors,Camping Tent,2026-05-01,2,129.99,74.49,259.98,148.98,111.0
Southwest,Dallas,Sports & Outdoors,Hiking Backpack,2026-05-01,3,74.99,41.13,224.97,123.39,101.58
Southwest,Dallas,Sports & Outdoors,Resistance Bands,2026-05-01,4,19.99,9.7,79.96,38.8,41.16
Southwest,Dallas,Sports & Outdoors,Water Bottle,2026-05-01,5,16.99,8.69,84.95,43.45,41.5
Southwest,Dallas,Sports & Outdoors,Yoga Mat,2026-05-01,4,24.99,13.21,99.96,52.84,47.12
West,Los Angeles,Apparel,Denim Jacket,2026-05-01,16,69.99,34.37,1119.84,549.92,569.92
West,Los Angeles,Apparel,Men's T-Shirt,2026-05-01,12,19.99,8.86,239.88,106.32,133.56
West,Los Angeles,Apparel,Running Shoes,2026-05-01,12,79.99,41.12,959.88,493.44,466.44
West,Los Angeles,Apparel,Women's Leggings,2026-05-01,14,34.99,14.9,489.86,208.6,281.26
West,Los Angeles,Apparel,Wool Sweater,2026-05-01,12,54.99,24.25,659.88,291.0,368.88
West,Los Angeles,Beauty & Personal Care,Electric Toothbrush,2026-05-01,11,44.99,20.31,494.89,223.41,271.48
West,Los Angeles,Beauty & Personal Care,Facial Cleanser,2026-05-01,15,14.99,5.68,224.85,85.2,139.65
West,Los Angeles,Beauty & Personal Care,Hair Dryer,2026-05-01,15,39.99,17.19,599.85,257.85,342.0
West,Los Angeles,Beauty & Personal Care,Moisturizer,2026-05-01,13,18.99,7.59,246.87,98.67,148.2
West,Los Angeles,Beauty & Personal Care,Perfume Set,2026-05-01,14,42.99,15.99,601.86,223.86,378.0
West,Los Angeles,Electronics,Bluetooth Speaker,2026-05-01,12,44.99,28.04,539.88,336.48,203.4
West,Los Angeles,Electronics,Portable Charger,2026-05-01,13,34.99,21.99,454.87,285.87,169.0
West,Los Angeles,Electronics,Smartwatch,2026-05-01,13,119.99,82.28,1559.87,1069.64,490.23
West,Los Angeles,Electronics,Tablet Stand,2026-05-01,12,24.99,14.6,299.88,175.2,124.68
West,Los Angeles,Electronics,Wireless Earbuds,2026-05-01,11,59.99,39.6,659.89,435.6,224.29
West,Los Angeles,Home & Kitchen,Coffee Maker,2026-05-01,17,49.99,36.91,849.83,627.47,222.36
West,Los Angeles,Home & Kitchen,LED Desk Lamp,2026-05-01,16,27.99,19.98,447.84,319.68,128.16
West,Los Angeles,Home & Kitchen,Non-Stick Pan Set,2026-05-01,8,64.99,46.25,519.92,370.0,149.92
West,Los Angeles,Home & Kitchen,Storage Bins (Set of 3),2026-05-01,8,22.99,16.69,183.92,133.52,50.4
West,Los Angeles,Home & Kitchen,Throw Blanket,2026-05-01,15,29.99,20.27,449.85,304.05,145.8
West,Los Angeles,Sports & Outdoors,Camping Tent,2026-05-01,14,129.99,75.09,1819.86,1051.26,768.6
West,Los Angeles,Sports & Outdoors,Hiking Backpack,2026-05-01,10,74.99,41.54,749.9,415.4,334.5
West,Los Angeles,Sports & Outdoors,Resistance Bands,2026-05-01,16,19.99,9.79,319.84,156.64,163.2
West,Los Angeles,Sports & Outdoors,Water Bottle,2026-05-01,14,16.99,8.47,237.86,118.58,119.28
West,Los Angeles,Sports & Outdoors,Yoga Mat,2026-05-01,13,24.99,13.22,324.87,171.86,153.01
West,Seattle,Apparel,Denim Jacket,2026-05-01,21,69.99,33.36,1469.79,700.56,769.23
West,Seattle,Apparel,Men's T-Shirt,2026-05-01,15,19.99,8.8,299.85,132.0,167.85
West,Seattle,Apparel,Running Shoes,2026-05-01,11,79.99,40.91,879.89,450.01,429.88
West,Seattle,Apparel,Women's Leggings,2026-05-01,18,34.99,14.93,629.82,268.74,361.08
West,Seattle,Apparel,Wool Sweater,2026-05-01,15,54.99,23.48,824.85,352.2,472.65
West,Seattle,Beauty & Personal Care,Electric Toothbrush,2026-05-01,13,44.99,20.08,584.87,261.04,323.83
West,Seattle,Beauty & Personal Care,Facial Cleanser,2026-05-01,17,14.99,5.68,254.83,96.56,158.27
West,Seattle,Beauty & Personal Care,Hair Dryer,2026-05-01,17,39.99,16.42,679.83,279.14,400.69
West,Seattle,Beauty & Personal Care,Moisturizer,2026-05-01,10,18.99,7.8,189.9,78.0,111.9
West,Seattle,Beauty & Personal Care,Perfume Set,2026-05-01,13,42.99,16.13,558.87,209.69,349.18
West,Seattle,Electronics,Bluetooth Speaker,2026-05-01,19,44.99,27.59,854.81,524.21,330.6
West,Seattle,Electronics,Portable Charger,2026-05-01,14,34.99,22.22,489.86,311.08,178.78
West,Seattle,Electronics,Smartwatch,2026-05-01,22,119.99,83.19,2639.78,1830.18,809.6
West,Seattle,Electronics,Tablet Stand,2026-05-01,16,24.99,15.07,399.84,241.12,158.72
West,Seattle,Electronics,Wireless Earbuds,2026-05-01,15,59.99,38.13,899.85,571.95,327.9
West,Seattle,Home & Kitchen,Coffee Maker,2026-05-01,15,49.99,36.52,749.85,547.8,202.05
West,Seattle,Home & Kitchen,LED Desk Lamp,2026-05-01,19,27.99,19.44,531.81,369.36,162.45
West,Seattle,Home & Kitchen,Non-Stick Pan Set,2026-05-01,16,64.99,46.03,1039.84,736.48,303.36
West,Seattle,Home & Kitchen,Storage Bins (Set of 3),2026-05-01,13,22.99,17.21,298.87,223.73,75.14
West,Seattle,Home & Kitchen,Throw Blanket,2026-05-01,26,29.99,20.11,779.74,522.86,256.88
West,Seattle,Sports & Outdoors,Camping Tent,2026-05-01,17,129.99,73.88,2209.83,1255.96,953.87
West,Seattle,Sports & Outdoors,Hiking Backpack,2026-05-01,13,74.99,42.04,974.87,546.52,428.35
West,Seattle,Sports & Outdoors,Resistance Bands,2026-05-01,19,19.99,9.55,379.81,181.45,198.36
West,Seattle,Sports & Outdoors,Water Bottle,2026-05-01,23,16.99,8.42,390.77,193.66,197.11
West,Seattle,Sports & Outdoors,Yoga Mat,2026-05-01,15,24.99,12.72,374.85,190.8,184.05
Midwest,Chicago,Apparel,Denim Jacket,2026-06-01,22,69.99,34.04,1539.78,748.88,790.9
Midwest,Chicago,Apparel,Men's T-Shirt,2026-06-01,15,19.99,8.85,299.85,132.75,167.1
Midwest,Chicago,Apparel,Running Shoes,2026-06-01,18,79.99,40.69,1439.82,732.42,707.4
Midwest,Chicago,Apparel,Women's Leggings,2026-06-01,13,34.99,14.29,454.87,185.77,269.1
Midwest,Chicago,Apparel,Wool Sweater,2026-06-01,25,54.99,24.42,1374.75,610.5,764.25
Midwest,Chicago,Beauty & Personal Care,Electric Toothbrush,2026-06-01,13,44.99,20.24,584.87,263.12,321.75
Midwest,Chicago,Beauty & Personal Care,Facial Cleanser,2026-06-01,15,14.99,5.76,224.85,86.4,138.45
Midwest,Chicago,Beauty & Personal Care,Hair Dryer,2026-06-01,11,39.99,17.0,439.89,187.0,252.89
Midwest,Chicago,Beauty & Personal Care,Moisturizer,2026-06-01,21,18.99,7.78,398.79,163.38,235.41
Midwest,Chicago,Beauty & Personal Care,Perfume Set,2026-06-01,15,42.99,15.86,644.85,237.9,406.95
Midwest,Chicago,Electronics,Bluetooth Speaker,2026-06-01,15,44.99,28.18,674.85,422.7,252.15
Midwest,Chicago,Electronics,Portable Charger,2026-06-01,11,34.99,22.6,384.89,248.6,136.29
Midwest,Chicago,Electronics,Smartwatch,2026-06-01,19,119.99,80.75,2279.81,1534.25,745.56
Midwest,Chicago,Electronics,Tablet Stand,2026-06-01,14,24.99,14.82,349.86,207.48,142.38
Midwest,Chicago,Electronics,Wireless Earbuds,2026-06-01,22,59.99,38.13,1319.78,838.86,480.92
Midwest,Chicago,Home & Kitchen,Coffee Maker,2026-06-01,14,49.99,35.36,699.86,495.04,204.82
Midwest,Chicago,Home & Kitchen,LED Desk Lamp,2026-06-01,19,27.99,19.38,531.81,368.22,163.59
Midwest,Chicago,Home & Kitchen,Non-Stick Pan Set,2026-06-01,16,64.99,45.65,1039.84,730.4,309.44
Midwest,Chicago,Home & Kitchen,Storage Bins (Set of 3),2026-06-01,13,22.99,16.55,298.87,215.15,83.72
Midwest,Chicago,Home & Kitchen,Throw Blanket,2026-06-01,20,29.99,19.79,599.8,395.8,204.0
Midwest,Chicago,Sports & Outdoors,Camping Tent,2026-06-01,11,129.99,73.91,1429.89,813.01,616.88
Midwest,Chicago,Sports & Outdoors,Hiking Backpack,2026-06-01,17,74.99,40.34,1274.83,685.78,589.05
Midwest,Chicago,Sports & Outdoors,Resistance Bands,2026-06-01,17,19.99,9.48,339.83,161.16,178.67
Midwest,Chicago,Sports & Outdoors,Water Bottle,2026-06-01,17,16.99,8.26,288.83,140.42,148.41
Midwest,Chicago,Sports & Outdoors,Yoga Mat,2026-06-01,17,24.99,12.76,424.83,216.92,207.91
Northeast,Boston,Apparel,Denim Jacket,2026-06-01,19,69.99,34.0,1329.81,646.0,683.81
Northeast,Boston,Apparel,Men's T-Shirt,2026-06-01,19,19.99,8.8,379.81,167.2,212.61
Northeast,Boston,Apparel,Running Shoes,2026-06-01,16,79.99,39.8,1279.84,636.8,643.04
Northeast,Boston,Apparel,Women's Leggings,2026-06-01,9,34.99,14.29,314.91,128.61,186.3
Northeast,Boston,Apparel,Wool Sweater,2026-06-01,23,54.99,23.74,1264.77,546.02,718.75
Northeast,Boston,Beauty & Personal Care,Electric Toothbrush,2026-06-01,28,44.99,20.12,1259.72,563.36,696.36
Northeast,Boston,Beauty & Personal Care,Facial Cleanser,2026-06-01,15,14.99,5.81,224.85,87.15,137.7
Northeast,Boston,Beauty & Personal Care,Hair Dryer,2026-06-01,12,39.99,16.72,479.88,200.64,279.24
Northeast,Boston,Beauty & Personal Care,Moisturizer,2026-06-01,17,18.99,7.63,322.83,129.71,193.12
Northeast,Boston,Beauty & Personal Care,Perfume Set,2026-06-01,16,42.99,15.57,687.84,249.12,438.72
Northeast,Boston,Electronics,Bluetooth Speaker,2026-06-01,12,44.99,28.4,539.88,340.8,199.08
Northeast,Boston,Electronics,Portable Charger,2026-06-01,20,34.99,22.2,699.8,444.0,255.8
Northeast,Boston,Electronics,Smartwatch,2026-06-01,25,119.99,82.97,2999.75,2074.25,925.5
Northeast,Boston,Electronics,Tablet Stand,2026-06-01,17,24.99,14.59,424.83,248.03,176.8
Northeast,Boston,Electronics,Wireless Earbuds,2026-06-01,20,59.99,39.4,1199.8,788.0,411.8
Northeast,Boston,Home & Kitchen,Coffee Maker,2026-06-01,19,49.99,34.96,949.81,664.24,285.57
Northeast,Boston,Home & Kitchen,LED Desk Lamp,2026-06-01,11,27.99,19.36,307.89,212.96,94.93
Northeast,Boston,Home & Kitchen,Non-Stick Pan Set,2026-06-01,25,64.99,46.14,1624.75,1153.5,471.25
Northeast,Boston,Home & Kitchen,Storage Bins (Set of 3),2026-06-01,17,22.99,17.2,390.83,292.4,98.43
Northeast,Boston,Home & Kitchen,Throw Blanket,2026-06-01,25,29.99,19.89,749.75,497.25,252.5
Northeast,Boston,Sports & Outdoors,Camping Tent,2026-06-01,15,129.99,74.2,1949.85,1113.0,836.85
Northeast,Boston,Sports & Outdoors,Hiking Backpack,2026-06-01,17,74.99,41.87,1274.83,711.79,563.04
Northeast,Boston,Sports & Outdoors,Resistance Bands,2026-06-01,20,19.99,9.43,399.8,188.6,211.2
Northeast,Boston,Sports & Outdoors,Water Bottle,2026-06-01,23,16.99,8.5,390.77,195.5,195.27
Northeast,Boston,Sports & Outdoors,Yoga Mat,2026-06-01,13,24.99,12.84,324.87,166.92,157.95
Northeast,New York,Apparel,Denim Jacket,2026-06-01,14,69.99,32.67,979.86,457.38,522.48
Northeast,New York,Apparel,Men's T-Shirt,2026-06-01,11,19.99,8.98,219.89,98.78,121.11
Northeast,New York,Apparel,Running Shoes,2026-06-01,9,79.99,39.37,719.91,354.33,365.58
Northeast,New York,Apparel,Women's Leggings,2026-06-01,15,34.99,14.47,524.85,217.05,307.8
Northeast,New York,Apparel,Wool Sweater,2026-06-01,10,54.99,24.8,549.9,248.0,301.9
Northeast,New York,Beauty & Personal Care,Electric Toothbrush,2026-06-01,6,44.99,19.91,269.94,119.46,150.48
Northeast,New York,Beauty & Personal Care,Facial Cleanser,2026-06-01,7,14.99,5.65,104.93,39.55,65.38
Northeast,New York,Beauty & Personal Care,Hair Dryer,2026-06-01,15,39.99,16.51,599.85,247.65,352.2
Northeast,New York,Beauty & Personal Care,Moisturizer,2026-06-01,11,18.99,7.71,208.89,84.81,124.08
Northeast,New York,Beauty & Personal Care,Perfume Set,2026-06-01,12,42.99,16.13,515.88,193.56,322.32
Northeast,New York,Electronics,Bluetooth Speaker,2026-06-01,10,44.99,27.82,449.9,278.2,171.7
Northeast,New York,Electronics,Portable Charger,2026-06-01,11,34.99,22.79,384.89,250.69,134.2
Northeast,New York,Electronics,Smartwatch,2026-06-01,10,119.99,81.34,1199.9,813.4,386.5
Northeast,New York,Electronics,Tablet Stand,2026-06-01,10,24.99,14.81,249.9,148.1,101.8
Northeast,New York,Electronics,Wireless Earbuds,2026-06-01,11,59.99,38.32,659.89,421.52,238.37
Northeast,New York,Home & Kitchen,Coffee Maker,2026-06-01,15,49.99,35.48,749.85,532.2,217.65
Northeast,New York,Home & Kitchen,LED Desk Lamp,2026-06-01,8,27.99,20.06,223.92,160.48,63.44
Northeast,New York,Home & Kitchen,Non-Stick Pan Set,2026-06-01,14,64.99,45.16,909.86,632.24,277.62
Northeast,New York,Home & Kitchen,Storage Bins (Set of 3),2026-06-01,16,22.99,17.18,367.84,274.88,92.96
Northeast,New York,Home & Kitchen,Throw Blanket,2026-06-01,16,29.99,20.03,479.84,320.48,159.36
Northeast,New York,Sports & Outdoors,Camping Tent,2026-06-01,13,129.99,77.64,1689.87,1009.32,680.55
Northeast,New York,Sports & Outdoors,Hiking Backpack,2026-06-01,13,74.99,41.69,974.87,541.97,432.9
Northeast,New York,Sports & Outdoors,Resistance Bands,2026-06-01,15,19.99,9.87,299.85,148.05,151.8
Northeast,New York,Sports & Outdoors,Water Bottle,2026-06-01,10,16.99,8.55,169.9,85.5,84.4
Northeast,New York,Sports & Outdoors,Yoga Mat,2026-06-01,10,24.99,12.83,249.9,128.3,121.6
Southeast,Atlanta,Apparel,Denim Jacket,2026-06-01,15,69.99,34.12,1049.85,511.8,538.05
Southeast,Atlanta,Apparel,Men's T-Shirt,2026-06-01,13,19.99,9.24,259.87,120.12,139.75
Southeast,Atlanta,Apparel,Running Shoes,2026-06-01,9,79.99,39.71,719.91,357.39,362.52
Southeast,Atlanta,Apparel,Women's Leggings,2026-06-01,17,34.99,14.78,594.83,251.26,343.57
Southeast,Atlanta,Apparel,Wool Sweater,2026-06-01,11,54.99,23.94,604.89,263.34,341.55
Southeast,Atlanta,Beauty & Personal Care,Electric Toothbrush,2026-06-01,14,44.99,20.79,629.86,291.06,338.8
Southeast,Atlanta,Beauty & Personal Care,Facial Cleanser,2026-06-01,11,14.99,5.65,164.89,62.15,102.74
Southeast,Atlanta,Beauty & Personal Care,Hair Dryer,2026-06-01,16,39.99,17.24,639.84,275.84,364.0
Southeast,Atlanta,Beauty & Personal Care,Moisturizer,2026-06-01,9,18.99,7.71,170.91,69.39,101.52
Southeast,Atlanta,Beauty & Personal Care,Perfume Set,2026-06-01,13,42.99,16.35,558.87,212.55,346.32
Southeast,Atlanta,Electronics,Bluetooth Speaker,2026-06-01,7,44.99,28.45,314.93,199.15,115.78
Southeast,Atlanta,Electronics,Portable Charger,2026-06-01,12,34.99,21.99,419.88,263.88,156.0
Southeast,Atlanta,Electronics,Smartwatch,2026-06-01,11,119.99,79.44,1319.89,873.84,446.05
Southeast,Atlanta,Electronics,Tablet Stand,2026-06-01,20,24.99,15.38,499.8,307.6,192.2
Southeast,Atlanta,Electronics,Wireless Earbuds,2026-06-01,11,59.99,37.87,659.89,416.57,243.32
Southeast,Atlanta,Home & Kitchen,Coffee Maker,2026-06-01,14,49.99,36.36,699.86,509.04,190.82
Southeast,Atlanta,Home & Kitchen,LED Desk Lamp,2026-06-01,9,27.99,20.3,251.91,182.7,69.21
Southeast,Atlanta,Home & Kitchen,Non-Stick Pan Set,2026-06-01,12,64.99,45.69,779.88,548.28,231.6
Southeast,Atlanta,Home & Kitchen,Storage Bins (Set of 3),2026-06-01,10,22.99,17.08,229.9,170.8,59.1
Southeast,Atlanta,Home & Kitchen,Throw Blanket,2026-06-01,16,29.99,20.64,479.84,330.24,149.6
Southeast,Atlanta,Sports & Outdoors,Camping Tent,2026-06-01,9,129.99,75.7,1169.91,681.3,488.61
Southeast,Atlanta,Sports & Outdoors,Hiking Backpack,2026-06-01,10,74.99,40.93,749.9,409.3,340.6
Southeast,Atlanta,Sports & Outdoors,Resistance Bands,2026-06-01,14,19.99,9.66,279.86,135.24,144.62
Southeast,Atlanta,Sports & Outdoors,Water Bottle,2026-06-01,18,16.99,8.38,305.82,150.84,154.98
Southeast,Atlanta,Sports & Outdoors,Yoga Mat,2026-06-01,9,24.99,12.94,224.91,116.46,108.45
Southeast,Miami,Apparel,Denim Jacket,2026-06-01,9,69.99,34.14,629.91,307.26,322.65
Southeast,Miami,Apparel,Men's T-Shirt,2026-06-01,14,19.99,9.23,279.86,129.22,150.64
Southeast,Miami,Apparel,Running Shoes,2026-06-01,10,79.99,39.09,799.9,390.9,409.0
Southeast,Miami,Apparel,Women's Leggings,2026-06-01,14,34.99,14.34,489.86,200.76,289.1
Southeast,Miami,Apparel,Wool Sweater,2026-06-01,9,54.99,24.79,494.91,223.11,271.8
Southeast,Miami,Beauty & Personal Care,Electric Toothbrush,2026-06-01,9,44.99,20.75,404.91,186.75,218.16
Southeast,Miami,Beauty & Personal Care,Facial Cleanser,2026-06-01,10,14.99,5.72,149.9,57.2,92.7
Southeast,Miami,Beauty & Personal Care,Hair Dryer,2026-06-01,11,39.99,17.11,439.89,188.21,251.68
Southeast,Miami,Beauty & Personal Care,Moisturizer,2026-06-01,8,18.99,7.82,151.92,62.56,89.36
Southeast,Miami,Beauty & Personal Care,Perfume Set,2026-06-01,9,42.99,15.8,386.91,142.2,244.71
Southeast,Miami,Electronics,Bluetooth Speaker,2026-06-01,13,44.99,27.32,584.87,355.16,229.71
Southeast,Miami,Electronics,Portable Charger,2026-06-01,8,34.99,22.71,279.92,181.68,98.24
Southeast,Miami,Electronics,Smartwatch,2026-06-01,13,119.99,81.25,1559.87,1056.25,503.62
Southeast,Miami,Electronics,Tablet Stand,2026-06-01,10,24.99,15.01,249.9,150.1,99.8
Southeast,Miami,Electronics,Wireless Earbuds,2026-06-01,10,59.99,38.63,599.9,386.3,213.6
Southeast,Miami,Home & Kitchen,Coffee Maker,2026-06-01,11,49.99,36.45,549.89,400.95,148.94
Southeast,Miami,Home & Kitchen,LED Desk Lamp,2026-06-01,13,27.99,19.41,363.87,252.33,111.54
Southeast,Miami,Home & Kitchen,Non-Stick Pan Set,2026-06-01,10,64.99,46.17,649.9,461.7,188.2
Southeast,Miami,Home & Kitchen,Storage Bins (Set of 3),2026-06-01,12,22.99,16.83,275.88,201.96,73.92
Southeast,Miami,Home & Kitchen,Throw Blanket,2026-06-01,12,29.99,20.33,359.88,243.96,115.92
Southeast,Miami,Sports & Outdoors,Camping Tent,2026-06-01,10,129.99,76.85,1299.9,768.5,531.4
Southeast,Miami,Sports & Outdoors,Hiking Backpack,2026-06-01,9,74.99,41.87,674.91,376.83,298.08
Southeast,Miami,Sports & Outdoors,Resistance Bands,2026-06-01,12,19.99,9.63,239.88,115.56,124.32
Southeast,Miami,Sports & Outdoors,Water Bottle,2026-06-01,8,16.99,8.25,135.92,66.0,69.92
Southeast,Miami,Sports & Outdoors,Yoga Mat,2026-06-01,9,24.99,13.26,224.91,119.34,105.57
Southwest,Dallas,Apparel,Denim Jacket,2026-06-01,15,69.99,33.69,1049.85,505.35,544.5
Southwest,Dallas,Apparel,Men's T-Shirt,2026-06-01,13,19.99,9.26,259.87,120.38,139.49
Southwest,Dallas,Apparel,Running Shoes,2026-06-01,10,79.99,40.36,799.9,403.6,396.3
Southwest,Dallas,Apparel,Women's Leggings,2026-06-01,14,34.99,15.05,489.86,210.7,279.16
Southwest,Dallas,Apparel,Wool Sweater,2026-06-01,15,54.99,23.49,824.85,352.35,472.5
Southwest,Dallas,Beauty & Personal Care,Electric Toothbrush,2026-06-01,8,44.99,20.65,359.92,165.2,194.72
Southwest,Dallas,Beauty & Personal Care,Facial Cleanser,2026-06-01,16,14.99,5.69,239.84,91.04,148.8
Southwest,Dallas,Beauty & Personal Care,Hair Dryer,2026-06-01,19,39.99,16.74,759.81,318.06,441.75
Southwest,Dallas,Beauty & Personal Care,Moisturizer,2026-06-01,17,18.99,7.67,322.83,130.39,192.44
Southwest,Dallas,Beauty & Personal Care,Perfume Set,2026-06-01,17,42.99,15.92,730.83,270.64,460.19
Southwest,Dallas,Electronics,Bluetooth Speaker,2026-06-01,14,44.99,27.83,629.86,389.62,240.24
Southwest,Dallas,Electronics,Portable Charger,2026-06-01,12,34.99,22.87,419.88,274.44,145.44
Southwest,Dallas,Electronics,Smartwatch,2026-06-01,9,119.99,79.3,1079.91,713.7,366.21
Southwest,Dallas,Electronics,Tablet Stand,2026-06-01,7,24.99,15.16,174.93,106.12,68.81
Southwest,Dallas,Electronics,Wireless Earbuds,2026-06-01,20,59.99,38.45,1199.8,769.0,430.8
Southwest,Dallas,Home & Kitchen,Coffee Maker,2026-06-01,7,49.99,36.68,349.93,256.76,93.17
Southwest,Dallas,Home & Kitchen,LED Desk Lamp,2026-06-01,11,27.99,20.07,307.89,220.77,87.12
Southwest,Dallas,Home & Kitchen,Non-Stick Pan Set,2026-06-01,8,64.99,44.33,519.92,354.64,165.28
Southwest,Dallas,Home & Kitchen,Storage Bins (Set of 3),2026-06-01,9,22.99,17.12,206.91,154.08,52.83
Southwest,Dallas,Home & Kitchen,Throw Blanket,2026-06-01,11,29.99,20.66,329.89,227.26,102.63
Southwest,Dallas,Sports & Outdoors,Camping Tent,2026-06-01,2,129.99,75.55,259.98,151.1,108.88
Southwest,Dallas,Sports & Outdoors,Hiking Backpack,2026-06-01,2,74.99,42.0,149.98,84.0,65.98
Southwest,Dallas,Sports & Outdoors,Resistance Bands,2026-06-01,6,19.99,9.39,119.94,56.34,63.6
Southwest,Dallas,Sports & Outdoors,Water Bottle,2026-06-01,1,16.99,8.73,16.99,8.73,8.26
Southwest,Dallas,Sports & Outdoors,Yoga Mat,2026-06-01,3,24.99,13.36,74.97,40.08,34.89
West,Los Angeles,Apparel,Denim Jacket,2026-06-01,14,69.99,33.47,979.86,468.58,511.28
West,Los Angeles,Apparel,Men's T-Shirt,2026-06-01,19,19.99,8.87,379.81,168.53,211.28
West,Los Angeles,Apparel,Running Shoes,2026-06-01,11,79.99,41.11,879.89,452.21,427.68
West,Los Angeles,Apparel,Women's Leggings,2026-06-01,23,34.99,15.07,804.77,346.61,458.16
West,Los Angeles,Apparel,Wool Sweater,2026-06-01,14,54.99,24.68,769.86,345.52,424.34
West,Los Angeles,Beauty & Personal Care,Electric Toothbrush,2026-06-01,16,44.99,20.83,719.84,333.28,386.56
West,Los Angeles,Beauty & Personal Care,Facial Cleanser,2026-06-01,19,14.99,5.8,284.81,110.2,174.61
West,Los Angeles,Beauty & Personal Care,Hair Dryer,2026-06-01,16,39.99,16.51,639.84,264.16,375.68
West,Los Angeles,Beauty & Personal Care,Moisturizer,2026-06-01,13,18.99,7.81,246.87,101.53,145.34
West,Los Angeles,Beauty & Personal Care,Perfume Set,2026-06-01,17,42.99,15.61,730.83,265.37,465.46
West,Los Angeles,Electronics,Bluetooth Speaker,2026-06-01,20,44.99,27.83,899.8,556.6,343.2
West,Los Angeles,Electronics,Portable Charger,2026-06-01,14,34.99,22.74,489.86,318.36,171.5
West,Los Angeles,Electronics,Smartwatch,2026-06-01,15,119.99,84.03,1799.85,1260.45,539.4
West,Los Angeles,Electronics,Tablet Stand,2026-06-01,10,24.99,14.99,249.9,149.9,100.0
West,Los Angeles,Electronics,Wireless Earbuds,2026-06-01,8,59.99,39.72,479.92,317.76,162.16
West,Los Angeles,Home & Kitchen,Coffee Maker,2026-06-01,12,49.99,34.95,599.88,419.4,180.48
West,Los Angeles,Home & Kitchen,LED Desk Lamp,2026-06-01,11,27.99,19.8,307.89,217.8,90.09
West,Los Angeles,Home & Kitchen,Non-Stick Pan Set,2026-06-01,17,64.99,45.63,1104.83,775.71,329.12
West,Los Angeles,Home & Kitchen,Storage Bins (Set of 3),2026-06-01,17,22.99,16.38,390.83,278.46,112.37
West,Los Angeles,Home & Kitchen,Throw Blanket,2026-06-01,12,29.99,20.22,359.88,242.64,117.24
West,Los Angeles,Sports & Outdoors,Camping Tent,2026-06-01,16,129.99,77.07,2079.84,1233.12,846.72
West,Los Angeles,Sports & Outdoors,Hiking Backpack,2026-06-01,11,74.99,41.87,824.89,460.57,364.32
West,Los Angeles,Sports & Outdoors,Resistance Bands,2026-06-01,12,19.99,9.85,239.88,118.2,121.68
West,Los Angeles,Sports & Outdoors,Water Bottle,2026-06-01,16,16.99,8.29,271.84,132.64,139.2
West,Los Angeles,Sports & Outdoors,Yoga Mat,2026-06-01,16,24.99,12.63,399.84,202.08,197.76
West,Seattle,Apparel,Denim Jacket,2026-06-01,15,69.99,34.12,1049.85,511.8,538.05
West,Seattle,Apparel,Men's T-Shirt,2026-06-01,20,19.99,9.09,399.8,181.8,218.0
West,Seattle,Apparel,Running Shoes,2026-06-01,20,79.99,39.85,1599.8,797.0,802.8
West,Seattle,Apparel,Women's Leggings,2026-06-01,25,34.99,14.54,874.75,363.5,511.25
West,Seattle,Apparel,Wool Sweater,2026-06-01,12,54.99,24.65,659.88,295.8,364.08
West,Seattle,Beauty & Personal Care,Electric Toothbrush,2026-06-01,16,44.99,20.66,719.84,330.56,389.28
West,Seattle,Beauty & Personal Care,Facial Cleanser,2026-06-01,8,14.99,5.78,119.92,46.24,73.68
West,Seattle,Beauty & Personal Care,Hair Dryer,2026-06-01,15,39.99,17.07,599.85,256.05,343.8
West,Seattle,Beauty & Personal Care,Moisturizer,2026-06-01,17,18.99,7.75,322.83,131.75,191.08
West,Seattle,Beauty & Personal Care,Perfume Set,2026-06-01,14,42.99,15.58,601.86,218.12,383.74
West,Seattle,Electronics,Bluetooth Speaker,2026-06-01,16,44.99,27.68,719.84,442.88,276.96
West,Seattle,Electronics,Portable Charger,2026-06-01,16,34.99,22.49,559.84,359.84,200.0
West,Seattle,Electronics,Smartwatch,2026-06-01,18,119.99,82.94,2159.82,1492.92,666.9
West,Seattle,Electronics,Tablet Stand,2026-06-01,10,24.99,14.97,249.9,149.7,100.2
West,Seattle,Electronics,Wireless Earbuds,2026-06-01,14,59.99,39.08,839.86,547.12,292.74
West,Seattle,Home & Kitchen,Coffee Maker,2026-06-01,20,49.99,36.81,999.8,736.2,263.6
West,Seattle,Home & Kitchen,LED Desk Lamp,2026-06-01,15,27.99,19.58,419.85,293.7,126.15
West,Seattle,Home & Kitchen,Non-Stick Pan Set,2026-06-01,10,64.99,45.55,649.9,455.5,194.4
West,Seattle,Home & Kitchen,Storage Bins (Set of 3),2026-06-01,14,22.99,16.88,321.86,236.32,85.54
West,Seattle,Home & Kitchen,Throw Blanket,2026-06-01,17,29.99,20.94,509.83,355.98,153.85
West,Seattle,Sports & Outdoors,Camping Tent,2026-06-01,18,129.99,74.99,2339.82,1349.82,990.0
West,Seattle,Sports & Outdoors,Hiking Backpack,2026-06-01,14,74.99,41.7,1049.86,583.8,466.06
West,Seattle,Sports & Outdoors,Resistance Bands,2026-06-01,21,19.99,9.77,419.79,205.17,214.62
West,Seattle,Sports & Outdoors,Water Bottle,2026-06-01,10,16.99,8.3,169.9,83.0,86.9
West,Seattle,Sports & Outdoors,Yoga Mat,2026-06-01,23,24.99,13.07,574.77,300.61,274.16
Midwest,Chicago,Apparel,Denim Jacket,2026-07-01,20,69.99,34.39,1399.8,687.8,712.0
Midwest,Chicago,Apparel,Men's T-Shirt,2026-07-01,11,19.99,9.03,219.89,99.33,120.56
Midwest,Chicago,Apparel,Running Shoes,2026-07-01,14,79.99,38.93,1119.86,545.02,574.84
Midwest,Chicago,Apparel,Women's Leggings,2026-07-01,27,34.99,14.87,944.73,401.49,543.24
Midwest,Chicago,Apparel,Wool Sweater,2026-07-01,20,54.99,24.03,1099.8,480.6,619.2
Midwest,Chicago,Beauty & Personal Care,Electric Toothbrush,2026-07-01,21,44.99,20.45,944.79,429.45,515.34
Midwest,Chicago,Beauty & Personal Care,Facial Cleanser,2026-07-01,16,14.99,5.74,239.84,91.84,148.0
Midwest,Chicago,Beauty & Personal Care,Hair Dryer,2026-07-01,29,39.99,16.77,1159.71,486.33,673.38
Midwest,Chicago,Beauty & Personal Care,Moisturizer,2026-07-01,13,18.99,7.79,246.87,101.27,145.6
Midwest,Chicago,Beauty & Personal Care,Perfume Set,2026-07-01,14,42.99,15.46,601.86,216.44,385.42
Midwest,Chicago,Electronics,Bluetooth Speaker,2026-07-01,12,44.99,27.57,539.88,330.84,209.04
Midwest,Chicago,Electronics,Portable Charger,2026-07-01,15,34.99,22.09,524.85,331.35,193.5
Midwest,Chicago,Electronics,Smartwatch,2026-07-01,14,119.99,80.32,1679.86,1124.48,555.38
Midwest,Chicago,Electronics,Tablet Stand,2026-07-01,18,24.99,14.87,449.82,267.66,182.16
Midwest,Chicago,Electronics,Wireless Earbuds,2026-07-01,15,59.99,38.32,899.85,574.8,325.05
Midwest,Chicago,Home & Kitchen,Coffee Maker,2026-07-01,20,49.99,36.09,999.8,721.8,278.0
Midwest,Chicago,Home & Kitchen,LED Desk Lamp,2026-07-01,23,27.99,20.08,643.77,461.84,181.93
Midwest,Chicago,Home & Kitchen,Non-Stick Pan Set,2026-07-01,14,64.99,45.17,909.86,632.38,277.48
Midwest,Chicago,Home & Kitchen,Storage Bins (Set of 3),2026-07-01,8,22.99,17.0,183.92,136.0,47.92
Midwest,Chicago,Home & Kitchen,Throw Blanket,2026-07-01,8,29.99,20.01,239.92,160.08,79.84
Midwest,Chicago,Sports & Outdoors,Camping Tent,2026-07-01,27,129.99,75.8,3509.73,2046.6,1463.13
Midwest,Chicago,Sports & Outdoors,Hiking Backpack,2026-07-01,14,74.99,41.33,1049.86,578.62,471.24
Midwest,Chicago,Sports & Outdoors,Resistance Bands,2026-07-01,19,19.99,9.78,379.81,185.82,193.99
Midwest,Chicago,Sports & Outdoors,Water Bottle,2026-07-01,22,16.99,8.38,373.78,184.36,189.42
Midwest,Chicago,Sports & Outdoors,Yoga Mat,2026-07-01,13,24.99,12.93,324.87,168.09,156.78
Northeast,Boston,Apparel,Denim Jacket,2026-07-01,13,69.99,33.75,909.87,438.75,471.12
Northeast,Boston,Apparel,Men's T-Shirt,2026-07-01,17,19.99,8.88,339.83,150.96,188.87
Northeast,Boston,Apparel,Running Shoes,2026-07-01,21,79.99,40.45,1679.79,849.45,830.34
Northeast,Boston,Apparel,Women's Leggings,2026-07-01,12,34.99,15.07,419.88,180.84,239.04
Northeast,Boston,Apparel,Wool Sweater,2026-07-01,16,54.99,24.81,879.84,396.96,482.88
Northeast,Boston,Beauty & Personal Care,Electric Toothbrush,2026-07-01,17,44.99,19.77,764.83,336.09,428.74
Northeast,Boston,Beauty & Personal Care,Facial Cleanser,2026-07-01,21,14.99,5.75,314.79,120.75,194.04
Northeast,Boston,Beauty & Personal Care,Hair Dryer,2026-07-01,12,39.99,17.23,479.88,206.76,273.12
Northeast,Boston,Beauty & Personal Care,Moisturizer,2026-07-01,25,18.99,7.46,474.75,186.5,288.25
Northeast,Boston,Beauty & Personal Care,Perfume Set,2026-07-01,16,42.99,15.92,687.84,254.72,433.12
Northeast,Boston,Electronics,Bluetooth Speaker,2026-07-01,20,44.99,27.2,899.8,544.0,355.8
Northeast,Boston,Electronics,Portable Charger,2026-07-01,16,34.99,23.06,559.84,368.96,190.88
Northeast,Boston,Electronics,Smartwatch,2026-07-01,17,119.99,79.63,2039.83,1353.71,686.12
Northeast,Boston,Electronics,Tablet Stand,2026-07-01,13,24.99,15.19,324.87,197.47,127.4
Northeast,Boston,Electronics,Wireless Earbuds,2026-07-01,23,59.99,38.27,1379.77,880.21,499.56
Northeast,Boston,Home & Kitchen,Coffee Maker,2026-07-01,20,49.99,35.25,999.8,705.0,294.8
Northeast,Boston,Home & Kitchen,LED Desk Lamp,2026-07-01,8,27.99,19.32,223.92,154.56,69.36
Northeast,Boston,Home & Kitchen,Non-Stick Pan Set,2026-07-01,21,64.99,45.65,1364.79,958.65,406.14
Northeast,Boston,Home & Kitchen,Storage Bins (Set of 3),2026-07-01,16,22.99,17.21,367.84,275.36,92.48
Northeast,Boston,Home & Kitchen,Throw Blanket,2026-07-01,19,29.99,20.66,569.81,392.54,177.27
Northeast,Boston,Sports & Outdoors,Camping Tent,2026-07-01,21,129.99,73.64,2729.79,1546.44,1183.35
Northeast,Boston,Sports & Outdoors,Hiking Backpack,2026-07-01,17,74.99,41.13,1274.83,699.21,575.62
Northeast,Boston,Sports & Outdoors,Resistance Bands,2026-07-01,20,19.99,9.43,399.8,188.6,211.2
Northeast,Boston,Sports & Outdoors,Water Bottle,2026-07-01,9,16.99,8.69,152.91,78.21,74.7
Northeast,Boston,Sports & Outdoors,Yoga Mat,2026-07-01,13,24.99,12.96,324.87,168.48,156.39
Northeast,New York,Apparel,Denim Jacket,2026-07-01,7,69.99,33.07,489.93,231.49,258.44
Northeast,New York,Apparel,Men's T-Shirt,2026-07-01,15,19.99,8.86,299.85,132.9,166.95
Northeast,New York,Apparel,Running Shoes,2026-07-01,8,79.99,40.83,639.92,326.64,313.28
Northeast,New York,Apparel,Women's Leggings,2026-07-01,12,34.99,14.29,419.88,171.48,248.4
Northeast,New York,Apparel,Wool Sweater,2026-07-01,13,54.99,23.72,714.87,308.36,406.51
Northeast,New York,Beauty & Personal Care,Electric Toothbrush,2026-07-01,12,44.99,19.99,539.88,239.88,300.0
Northeast,New York,Beauty & Personal Care,Facial Cleanser,2026-07-01,9,14.99,5.84,134.91,52.56,82.35
Northeast,New York,Beauty & Personal Care,Hair Dryer,2026-07-01,9,39.99,16.93,359.91,152.37,207.54
Northeast,New York,Beauty & Personal Care,Moisturizer,2026-07-01,5,18.99,7.62,94.95,38.1,56.85
Northeast,New York,Beauty & Personal Care,Perfume Set,2026-07-01,9,42.99,15.91,386.91,143.19,243.72
Northeast,New York,Electronics,Bluetooth Speaker,2026-07-01,9,44.99,28.43,404.91,255.87,149.04
Northeast,New York,Electronics,Portable Charger,2026-07-01,7,34.99,21.89,244.93,153.23,91.7
Northeast,New York,Electronics,Smartwatch,2026-07-01,9,119.99,79.73,1079.91,717.57,362.34
Northeast,New York,Electronics,Tablet Stand,2026-07-01,15,24.99,14.69,374.85,220.35,154.5
Northeast,New York,Electronics,Wireless Earbuds,2026-07-01,11,59.99,38.02,659.89,418.22,241.67
Northeast,New York,Home & Kitchen,Coffee Maker,2026-07-01,12,49.99,35.11,599.88,421.32,178.56
Northeast,New York,Home & Kitchen,LED Desk Lamp,2026-07-01,8,27.99,19.93,223.92,159.44,64.48
Northeast,New York,Home & Kitchen,Non-Stick Pan Set,2026-07-01,10,64.99,46.19,649.9,461.9,188.0
Northeast,New York,Home & Kitchen,Storage Bins (Set of 3),2026-07-01,9,22.99,17.27,206.91,155.43,51.48
Northeast,New York,Home & Kitchen,Throw Blanket,2026-07-01,10,29.99,19.97,299.9,199.7,100.2
Northeast,New York,Sports & Outdoors,Camping Tent,2026-07-01,13,129.99,77.36,1689.87,1005.68,684.19
Northeast,New York,Sports & Outdoors,Hiking Backpack,2026-07-01,13,74.99,41.04,974.87,533.52,441.35
Northeast,New York,Sports & Outdoors,Resistance Bands,2026-07-01,12,19.99,9.63,239.88,115.56,124.32
Northeast,New York,Sports & Outdoors,Water Bottle,2026-07-01,12,16.99,8.46,203.88,101.52,102.36
Northeast,New York,Sports & Outdoors,Yoga Mat,2026-07-01,13,24.99,12.77,324.87,166.01,158.86
Southeast,Atlanta,Apparel,Denim Jacket,2026-07-01,19,69.99,34.48,1329.81,655.12,674.69
Southeast,Atlanta,Apparel,Men's T-Shirt,2026-07-01,15,19.99,8.8,299.85,132.0,167.85
Southeast,Atlanta,Apparel,Running Shoes,2026-07-01,6,79.99,40.97,479.94,245.82,234.12
Southeast,Atlanta,Apparel,Women's Leggings,2026-07-01,10,34.99,14.37,349.9,143.7,206.2
Southeast,Atlanta,Apparel,Wool Sweater,2026-07-01,15,54.99,24.27,824.85,364.05,460.8
Southeast,Atlanta,Beauty & Personal Care,Electric Toothbrush,2026-07-01,9,44.99,19.67,404.91,177.03,227.88
Southeast,Atlanta,Beauty & Personal Care,Facial Cleanser,2026-07-01,13,14.99,5.8,194.87,75.4,119.47
Southeast,Atlanta,Beauty & Personal Care,Hair Dryer,2026-07-01,13,39.99,17.11,519.87,222.43,297.44
Southeast,Atlanta,Beauty & Personal Care,Moisturizer,2026-07-01,13,18.99,7.69,246.87,99.97,146.9
Southeast,Atlanta,Beauty & Personal Care,Perfume Set,2026-07-01,11,42.99,16.19,472.89,178.09,294.8
Southeast,Atlanta,Electronics,Bluetooth Speaker,2026-07-01,6,44.99,27.55,269.94,165.3,104.64
Southeast,Atlanta,Electronics,Portable Charger,2026-07-01,18,34.99,22.23,629.82,400.14,229.68
Southeast,Atlanta,Electronics,Smartwatch,2026-07-01,12,119.99,84.0,1439.88,1008.0,431.88
Southeast,Atlanta,Electronics,Tablet Stand,2026-07-01,11,24.99,15.06,274.89,165.66,109.23
Southeast,Atlanta,Electronics,Wireless Earbuds,2026-07-01,10,59.99,39.73,599.9,397.3,202.6
Southeast,Atlanta,Home & Kitchen,Coffee Maker,2026-07-01,15,49.99,36.5,749.85,547.5,202.35
Southeast,Atlanta,Home & Kitchen,LED Desk Lamp,2026-07-01,12,27.99,19.52,335.88,234.24,101.64
Southeast,Atlanta,Home & Kitchen,Non-Stick Pan Set,2026-07-01,17,64.99,45.01,1104.83,765.17,339.66
Southeast,Atlanta,Home & Kitchen,Storage Bins (Set of 3),2026-07-01,15,22.99,17.07,344.85,256.05,88.8
Southeast,Atlanta,Home & Kitchen,Throw Blanket,2026-07-01,6,29.99,20.99,179.94,125.94,54.0
Southeast,Atlanta,Sports & Outdoors,Camping Tent,2026-07-01,12,129.99,75.76,1559.88,909.12,650.76
Southeast,Atlanta,Sports & Outdoors,Hiking Backpack,2026-07-01,13,74.99,41.22,974.87,535.86,439.01
Southeast,Atlanta,Sports & Outdoors,Resistance Bands,2026-07-01,11,19.99,9.65,219.89,106.15,113.74
Southeast,Atlanta,Sports & Outdoors,Water Bottle,2026-07-01,10,16.99,8.63,169.9,86.3,83.6
Southeast,Atlanta,Sports & Outdoors,Yoga Mat,2026-07-01,11,24.99,12.61,274.89,138.71,136.18
Southeast,Miami,Apparel,Denim Jacket,2026-07-01,6,69.99,34.39,419.94,206.34,213.6
Southeast,Miami,Apparel,Men's T-Shirt,2026-07-01,12,19.99,8.86,239.88,106.32,133.56
Southeast,Miami,Apparel,Running Shoes,2026-07-01,10,79.99,39.66,799.9,396.6,403.3
Southeast,Miami,Apparel,Women's Leggings,2026-07-01,4,34.99,14.93,139.96,59.72,80.24
Southeast,Miami,Apparel,Wool Sweater,2026-07-01,9,54.99,24.16,494.91,217.44,277.47
Southeast,Miami,Beauty & Personal Care,Electric Toothbrush,2026-07-01,13,44.99,19.9,584.87,258.7,326.17
Southeast,Miami,Beauty & Personal Care,Facial Cleanser,2026-07-01,13,14.99,5.73,194.87,74.49,120.38
Southeast,Miami,Beauty & Personal Care,Hair Dryer,2026-07-01,9,39.99,17.22,359.91,154.98,204.93
Southeast,Miami,Beauty & Personal Care,Moisturizer,2026-07-01,8,18.99,7.77,151.92,62.16,89.76
Southeast,Miami,Beauty & Personal Care,Perfume Set,2026-07-01,7,42.99,15.9,300.93,111.3,189.63
Southeast,Miami,Electronics,Bluetooth Speaker,2026-07-01,9,44.99,27.22,404.91,244.98,159.93
Southeast,Miami,Electronics,Portable Charger,2026-07-01,10,34.99,22.95,349.9,229.5,120.4
Southeast,Miami,Electronics,Smartwatch,2026-07-01,9,119.99,80.77,1079.91,726.93,352.98
Southeast,Miami,Electronics,Tablet Stand,2026-07-01,7,24.99,14.61,174.93,102.27,72.66
Southeast,Miami,Electronics,Wireless Earbuds,2026-07-01,7,59.99,39.81,419.93,278.67,141.26
Southeast,Miami,Home & Kitchen,Coffee Maker,2026-07-01,10,49.99,35.31,499.9,353.1,146.8
Southeast,Miami,Home & Kitchen,LED Desk Lamp,2026-07-01,6,27.99,19.84,167.94,119.04,48.9
Southeast,Miami,Home & Kitchen,Non-Stick Pan Set,2026-07-01,8,64.99,46.28,519.92,370.24,149.68
Southeast,Miami,Home & Kitchen,Storage Bins (Set of 3),2026-07-01,8,22.99,16.98,183.92,135.84,48.08
Southeast,Miami,Home & Kitchen,Throw Blanket,2026-07-01,11,29.99,19.96,329.89,219.56,110.33
Southeast,Miami,Sports & Outdoors,Camping Tent,2026-07-01,9,129.99,76.1,1169.91,684.9,485.01
Southeast,Miami,Sports & Outdoors,Hiking Backpack,2026-07-01,10,74.99,40.96,749.9,409.6,340.3
Southeast,Miami,Sports & Outdoors,Resistance Bands,2026-07-01,7,19.99,9.44,139.93,66.08,73.85
Southeast,Miami,Sports & Outdoors,Water Bottle,2026-07-01,9,16.99,8.49,152.91,76.41,76.5
Southeast,Miami,Sports & Outdoors,Yoga Mat,2026-07-01,13,24.99,13.27,324.87,172.51,152.36
Southwest,Dallas,Apparel,Denim Jacket,2026-07-01,18,69.99,32.88,1259.82,591.84,667.98
Southwest,Dallas,Apparel,Men's T-Shirt,2026-07-01,13,19.99,9.24,259.87,120.12,139.75
Southwest,Dallas,Apparel,Running Shoes,2026-07-01,7,79.99,39.86,559.93,279.02,280.91
Southwest,Dallas,Apparel,Women's Leggings,2026-07-01,13,34.99,14.89,454.87,193.57,261.3
Southwest,Dallas,Apparel,Wool Sweater,2026-07-01,29,54.99,24.92,1594.71,722.68,872.03
Southwest,Dallas,Beauty & Personal Care,Electric Toothbrush,2026-07-01,13,44.99,20.0,584.87,260.0,324.87
Southwest,Dallas,Beauty & Personal Care,Facial Cleanser,2026-07-01,17,14.99,5.76,254.83,97.92,156.91
Southwest,Dallas,Beauty & Personal Care,Hair Dryer,2026-07-01,10,39.99,17.11,399.9,171.1,228.8
Southwest,Dallas,Beauty & Personal Care,Moisturizer,2026-07-01,12,18.99,7.44,227.88,89.28,138.6
Southwest,Dallas,Beauty & Personal Care,Perfume Set,2026-07-01,15,42.99,15.89,644.85,238.35,406.5
Southwest,Dallas,Electronics,Bluetooth Speaker,2026-07-01,27,44.99,27.79,1214.73,750.33,464.4
Southwest,Dallas,Electronics,Portable Charger,2026-07-01,10,34.99,21.93,349.9,219.3,130.6
Southwest,Dallas,Electronics,Smartwatch,2026-07-01,16,119.99,79.7,1919.84,1275.2,644.64
Southwest,Dallas,Electronics,Tablet Stand,2026-07-01,21,24.99,15.28,524.79,320.88,203.91
Southwest,Dallas,Electronics,Wireless Earbuds,2026-07-01,15,59.99,39.68,899.85,595.2,304.65
Southwest,Dallas,Home & Kitchen,Coffee Maker,2026-07-01,18,49.99,35.13,899.82,632.34,267.48
Southwest,Dallas,Home & Kitchen,LED Desk Lamp,2026-07-01,11,27.99,20.06,307.89,220.66,87.23
Southwest,Dallas,Home & Kitchen,Non-Stick Pan Set,2026-07-01,12,64.99,46.48,779.88,557.76,222.12
Southwest,Dallas,Home & Kitchen,Storage Bins (Set of 3),2026-07-01,21,22.99,16.33,482.79,342.93,139.86
Southwest,Dallas,Home & Kitchen,Throw Blanket,2026-07-01,26,29.99,20.44,779.74,531.44,248.3
Southwest,Dallas,Sports & Outdoors,Camping Tent,2026-07-01,4,129.99,73.26,519.96,293.04,226.92
Southwest,Dallas,Sports & Outdoors,Hiking Backpack,2026-07-01,4,74.99,41.78,299.96,167.12,132.84
Southwest,Dallas,Sports & Outdoors,Resistance Bands,2026-07-01,3,19.99,9.42,59.97,28.26,31.71
Southwest,Dallas,Sports & Outdoors,Water Bottle,2026-07-01,3,16.99,8.63,50.97,25.89,25.08
Southwest,Dallas,Sports & Outdoors,Yoga Mat,2026-07-01,3,24.99,12.87,74.97,38.61,36.36
West,Los Angeles,Apparel,Denim Jacket,2026-07-01,12,69.99,34.41,839.88,412.92,426.96
West,Los Angeles,Apparel,Men's T-Shirt,2026-07-01,26,19.99,8.84,519.74,229.84,289.9
West,Los Angeles,Apparel,Running Shoes,2026-07-01,22,79.99,40.29,1759.78,886.38,873.4
West,Los Angeles,Apparel,Women's Leggings,2026-07-01,9,34.99,14.88,314.91,133.92,180.99
West,Los Angeles,Apparel,Wool Sweater,2026-07-01,12,54.99,24.79,659.88,297.48,362.4
West,Los Angeles,Beauty & Personal Care,Electric Toothbrush,2026-07-01,9,44.99,20.04,404.91,180.36,224.55
West,Los Angeles,Beauty & Personal Care,Facial Cleanser,2026-07-01,14,14.99,5.65,209.86,79.1,130.76
West,Los Angeles,Beauty & Personal Care,Hair Dryer,2026-07-01,16,39.99,16.32,639.84,261.12,378.72
West,Los Angeles,Beauty & Personal Care,Moisturizer,2026-07-01,10,18.99,7.71,189.9,77.1,112.8
West,Los Angeles,Beauty & Personal Care,Perfume Set,2026-07-01,20,42.99,16.36,859.8,327.2,532.6
West,Los Angeles,Electronics,Bluetooth Speaker,2026-07-01,14,44.99,28.35,629.86,396.9,232.96
West,Los Angeles,Electronics,Portable Charger,2026-07-01,16,34.99,22.71,559.84,363.36,196.48
West,Los Angeles,Electronics,Smartwatch,2026-07-01,14,119.99,82.98,1679.86,1161.72,518.14
West,Los Angeles,Electronics,Tablet Stand,2026-07-01,24,24.99,14.85,599.76,356.4,243.36
West,Los Angeles,Electronics,Wireless Earbuds,2026-07-01,16,59.99,39.0,959.84,624.0,335.84
West,Los Angeles,Home & Kitchen,Coffee Maker,2026-07-01,25,49.99,36.54,1249.75,913.5,336.25
West,Los Angeles,Home & Kitchen,LED Desk Lamp,2026-07-01,7,27.99,19.45,195.93,136.15,59.78
West,Los Angeles,Home & Kitchen,Non-Stick Pan Set,2026-07-01,13,64.99,44.39,844.87,577.07,267.8
West,Los Angeles,Home & Kitchen,Storage Bins (Set of 3),2026-07-01,13,22.99,16.31,298.87,212.03,86.84
West,Los Angeles,Home & Kitchen,Throw Blanket,2026-07-01,10,29.99,20.28,299.9,202.8,97.1
West,Los Angeles,Sports & Outdoors,Camping Tent,2026-07-01,22,129.99,76.86,2859.78,1690.92,1168.86
West,Los Angeles,Sports & Outdoors,Hiking Backpack,2026-07-01,17,74.99,41.82,1274.83,710.94,563.89
West,Los Angeles,Sports & Outdoors,Resistance Bands,2026-07-01,17,19.99,9.84,339.83,167.28,172.55
West,Los Angeles,Sports & Outdoors,Water Bottle,2026-07-01,21,16.99,8.62,356.79,181.02,175.77
West,Los Angeles,Sports & Outdoors,Yoga Mat,2026-07-01,14,24.99,13.06,349.86,182.84,167.02
West,Seattle,Apparel,Denim Jacket,2026-07-01,14,69.99,34.2,979.86,478.8,501.06
West,Seattle,Apparel,Men's T-Shirt,2026-07-01,18,19.99,8.82,359.82,158.76,201.06
West,Seattle,Apparel,Running Shoes,2026-07-01,21,79.99,40.07,1679.79,841.47,838.32
West,Seattle,Apparel,Women's Leggings,2026-07-01,16,34.99,14.51,559.84,232.16,327.68
West,Seattle,Apparel,Wool Sweater,2026-07-01,11,54.99,24.62,604.89,270.82,334.07
West,Seattle,Beauty & Personal Care,Electric Toothbrush,2026-07-01,17,44.99,19.85,764.83,337.45,427.38
West,Seattle,Beauty & Personal Care,Facial Cleanser,2026-07-01,18,14.99,5.78,269.82,104.04,165.78
West,Seattle,Beauty & Personal Care,Hair Dryer,2026-07-01,28,39.99,16.72,1119.72,468.16,651.56
West,Seattle,Beauty & Personal Care,Moisturizer,2026-07-01,19,18.99,7.55,360.81,143.45,217.36
West,Seattle,Beauty & Personal Care,Perfume Set,2026-07-01,17,42.99,16.0,730.83,272.0,458.83
West,Seattle,Electronics,Bluetooth Speaker,2026-07-01,10,44.99,27.84,449.9,278.4,171.5
West,Seattle,Electronics,Portable Charger,2026-07-01,18,34.99,22.1,629.82,397.8,232.02
West,Seattle,Electronics,Smartwatch,2026-07-01,14,119.99,80.31,1679.86,1124.34,555.52
West,Seattle,Electronics,Tablet Stand,2026-07-01,4,24.99,15.26,99.96,61.04,38.92
West,Seattle,Electronics,Wireless Earbuds,2026-07-01,16,59.99,39.18,959.84,626.88,332.96
West,Seattle,Home & Kitchen,Coffee Maker,2026-07-01,17,49.99,36.83,849.83,626.11,223.72
West,Seattle,Home & Kitchen,LED Desk Lamp,2026-07-01,24,27.99,20.11,671.76,482.64,189.12
West,Seattle,Home & Kitchen,Non-Stick Pan Set,2026-07-01,22,64.99,46.19,1429.78,1016.18,413.6
West,Seattle,Home & Kitchen,Storage Bins (Set of 3),2026-07-01,18,22.99,16.35,413.82,294.3,119.52
West,Seattle,Home & Kitchen,Throw Blanket,2026-07-01,17,29.99,19.99,509.83,339.83,170.0
West,Seattle,Sports & Outdoors,Camping Tent,2026-07-01,18,129.99,74.56,2339.82,1342.08,997.74
West,Seattle,Sports & Outdoors,Hiking Backpack,2026-07-01,12,74.99,41.49,899.88,497.88,402.0
West,Seattle,Sports & Outdoors,Resistance Bands,2026-07-01,13,19.99,9.51,259.87,123.63,136.24
West,Seattle,Sports & Outdoors,Water Bottle,2026-07-01,8,16.99,8.6,135.92,68.8,67.12
West,Seattle,Sports & Outdoors,Yoga Mat,2026-07-01,13,24.99,13.14,324.87,170.82,154.05
